seed,action,scenario,estimate
0,0,correct,0.7622735704975512
0,0,m_miss,0.7494541070628531
0,0,e_miss,0.948335250200059
0,0,both_miss,0.87302756512613
0,1,correct,0.9830924306250736
0,1,m_miss,0.9914500221595403
0,1,e_miss,0.7729754170571953
0,1,both_miss,0.8898880885090286
0,2,correct,0.6220338765506419
0,2,m_miss,0.6140373549263607
0,2,e_miss,0.6844160562805984
0,2,both_miss,0.618045857925293
1,0,correct,-0.5966241368680473
1,0,m_miss,-0.5774064538112472
1,0,e_miss,-0.5893219167425693
1,0,both_miss,-0.5664682946546238
1,1,correct,0.5921942877065735
1,1,m_miss,0.5234589238575544
1,1,e_miss,0.5616847747524203
1,1,both_miss,0.5097118717127379
1,2,correct,0.9366315473219773
1,2,m_miss,1.0336517224204032
1,2,e_miss,0.9863986047091482
1,2,both_miss,1.0389066050233815
2,0,correct,-0.8760297283248879
2,0,m_miss,-0.9054032350884895
2,0,e_miss,-0.8449853614997872
2,0,both_miss,-0.8535577571568265
2,1,correct,-0.018665332687441867
2,1,m_miss,0.08612983785475731
2,1,e_miss,0.026212283724668016
2,1,both_miss,0.1041775903859736
2,2,correct,-0.9124200668787852
2,2,m_miss,-0.9449709850027086
2,2,e_miss,-0.9502300129048634
2,2,both_miss,-1.0010985817968578
3,0,correct,-0.18155800146193543
3,0,m_miss,-0.11233505299294766
3,0,e_miss,-0.3689485356260814
3,0,both_miss,-0.28380424648437186
3,1,correct,-0.4508085709938313
3,1,m_miss,-0.4147203874540963
3,1,e_miss,-0.29009146551500437
3,1,both_miss,-0.23399868967219883
3,2,correct,0.37342681571612335
3,2,m_miss,0.23858438271043458
3,2,e_miss,0.3319439055714681
3,2,both_miss,0.19213993229678908
4,0,correct,0.8814455644206294
4,0,m_miss,0.7797210055212171
4,0,e_miss,0.8979108091818517
4,0,both_miss,0.7438953742182509
4,1,correct,-0.15093764161217035
4,1,m_miss,-0.21351287168406835
4,1,e_miss,0.007275460140647682
4,1,both_miss,-0.0033843431164027487
4,2,correct,0.8879620539011862
4,2,m_miss,0.972318002584164
4,2,e_miss,0.7949978287559961
4,2,both_miss,0.8824280525292314
5,0,correct,0.15523213595785756
5,0,m_miss,0.13211623682964363
5,0,e_miss,0.09992052481626137
5,0,both_miss,0.12215138175394973
5,1,correct,0.18186158075776557
5,1,m_miss,0.1531608683193007
5,1,e_miss,0.2176158759147905
5,1,both_miss,0.15982191064629678
5,2,correct,-0.4865542853278989
5,2,m_miss,-0.39249600574611
5,2,e_miss,-0.5006626848545008
5,2,both_miss,-0.39883573492216295
6,0,correct,0.657580452383565
6,0,m_miss,0.6423858517814218
6,0,e_miss,0.3899061669800362
6,0,both_miss,0.5425051482820245
6,1,correct,-0.8871057699200832
6,1,m_miss,-0.9668377410800754
6,1,e_miss,-0.8281007371571358
6,1,both_miss,-0.9644545181591967
6,2,correct,0.4364526705762188
6,2,m_miss,0.478476808099815
6,2,e_miss,0.691364972477683
6,2,both_miss,0.5716267950175079
7,0,correct,-0.9216828717630794
7,0,m_miss,-0.9332809494913831
7,0,e_miss,-0.9810729719059893
7,0,both_miss,-1.0787272568688506
7,1,correct,0.22984420322391097
7,1,m_miss,0.2961565957207335
7,1,e_miss,0.1311057236328743
7,1,both_miss,0.3397003972086968
7,2,correct,0.9186453731638361
7,2,m_miss,0.8558914737477927
7,2,e_miss,1.0602005412170978
7,2,both_miss,0.8824298679419604
8,0,correct,-0.5714823872649152
8,0,m_miss,-0.7856534824087362
8,0,e_miss,-0.5016977783449217
8,0,both_miss,-0.6894034172054263
8,1,correct,-0.8860706449113418
8,1,m_miss,-0.8750081770670657
8,1,e_miss,-0.8681285157131609
8,1,both_miss,-0.8582241399117958
8,2,correct,0.9536793409471681
8,2,m_miss,1.1132146765773514
8,2,e_miss,0.8643132176092334
8,2,both_miss,1.0404851369345474
9,0,correct,0.39318098627438797
9,0,m_miss,0.4019432982040828
9,0,e_miss,0.2605658139360925
9,0,both_miss,0.2610668724765605
9,1,correct,-0.24524361375866915
9,1,m_miss,-0.244053191362986
9,1,e_miss,-0.4053842629817835
9,1,both_miss,-0.39633558868947566
9,2,correct,0.3801101526405828
9,2,m_miss,0.36864950011406444
9,2,e_miss,0.5931706790730403
9,2,both_miss,0.5759187271312216
10,0,correct,0.4358147090559659
10,0,m_miss,0.3356510257667497
10,0,e_miss,0.47431525124698465
10,0,both_miss,0.3730761063473179
10,1,correct,0.09826856652827692
10,1,m_miss,0.22252272641313178
10,1,e_miss,0.0792603080016206
10,1,both_miss,0.20390253580391537
10,2,correct,-0.7077153824063406
10,2,m_miss,-0.6404138328807478
10,2,e_miss,-0.7413067352508633
10,2,both_miss,-0.6863658735290546
11,0,correct,-0.6796725399238297
11,0,m_miss,-0.5032520008907602
11,0,e_miss,-0.47433063117547886
11,0,both_miss,-0.3038660338875191
11,1,correct,0.5392301624749997
11,1,m_miss,0.36363966340832077
11,1,e_miss,0.4459530109698992
11,1,both_miss,0.28295975152074
11,2,correct,0.6493857005671106
11,2,m_miss,0.5989919646274817
11,2,e_miss,0.5343412078086789
11,2,both_miss,0.5073652613523023
12,0,correct,-0.6814381644658817
12,0,m_miss,-0.540328398696553
12,0,e_miss,-0.7146243526737264
12,0,both_miss,-0.6057147252622087
12,1,correct,0.5231092274645323
12,1,m_miss,0.4982744967845002
12,1,e_miss,0.526017002891788
12,1,both_miss,0.5168848713920157
12,2,correct,-0.9615971912326842
12,2,m_miss,-1.0694798870051165
12,2,e_miss,-0.9410726100859161
12,2,both_miss,-1.0466224959841002
13,0,correct,-0.2800399192731665
13,0,m_miss,-0.30865524486909934
13,0,e_miss,-0.30389456208482885
13,0,both_miss,-0.41500234208328074
13,1,correct,0.897432367326036
13,1,m_miss,1.093015096927588
13,1,e_miss,0.8833323005412964
13,1,both_miss,1.0591566450110632
13,2,correct,-0.5549344335722284
13,2,m_miss,-0.5959972346105842
13,2,e_miss,-0.5233427855657924
13,2,both_miss,-0.5018488206799376
14,0,correct,0.5260535216749307
14,0,m_miss,0.40856289650864147
14,0,e_miss,0.5645430918573601
14,0,both_miss,0.3496572028439059
14,1,correct,0.7336453783937538
14,1,m_miss,0.7890956527950219
14,1,e_miss,0.7767432071638617
14,1,both_miss,0.8361462515174726
14,2,correct,-0.7953721417720472
14,2,m_miss,-0.7505398265650485
14,2,e_miss,-0.8403354480190133
14,2,both_miss,-0.7328403068979102
15,0,correct,-0.5750670734778378
15,0,m_miss,-0.3499317147549896
15,0,e_miss,-0.5743039939446367
15,0,both_miss,-0.3167909357569459
15,1,correct,1.0125121117335283
15,1,m_miss,0.9870923895243756
15,1,e_miss,1.0971562696305088
15,1,both_miss,1.0600780135991081
15,2,correct,-0.23391758251943082
15,2,m_miss,-0.6019763941784759
15,2,e_miss,-0.3362253657211846
15,2,both_miss,-0.7519622961691912
16,0,correct,-0.12119786504621624
16,0,m_miss,-0.2108639590203811
16,0,e_miss,-0.10966380672830003
16,0,both_miss,-0.2221420384738894
16,1,correct,-0.7798741082458801
16,1,m_miss,-0.8015173713879166
16,1,e_miss,-0.8627196218961642
16,1,both_miss,-0.8341412686822617
16,2,correct,0.8135854412566594
16,2,m_miss,0.8966576767011676
16,2,e_miss,0.8746397710580899
16,2,both_miss,0.9320606637976723
17,0,correct,-0.4165285366193121
17,0,m_miss,-0.41862363870276403
17,0,e_miss,-0.4296474371166077
17,0,both_miss,-0.3987627755322328
17,1,correct,-0.39948852209046337
17,1,m_miss,-0.43100606921234735
17,1,e_miss,-0.3814665644372692
17,1,both_miss,-0.44388527435871217
17,2,correct,0.13465458983840192
17,2,m_miss,0.18729703385779586
17,2,e_miss,0.11816688576630043
17,2,both_miss,0.19433780876865864
18,0,correct,0.28075426223459016
18,0,m_miss,0.3931548974511592
18,0,e_miss,0.3927596721595718
18,0,both_miss,0.4290526089549546
18,1,correct,0.37447951595926504
18,1,m_miss,0.2228274195219122
18,1,e_miss,0.23019475039334494
18,1,both_miss,0.154370144829061
18,2,correct,-0.3118484423139768
18,2,m_miss,-0.2933310043516039
18,2,e_miss,-0.31402432792829865
18,2,both_miss,-0.26369963025179843
19,0,correct,0.38710138385426396
19,0,m_miss,0.3449850060825744
19,0,e_miss,0.5362828291031274
19,0,both_miss,0.47667205704412996
19,1,correct,-0.24384835930703927
19,1,m_miss,-0.2256307611656742
19,1,e_miss,-0.3511461844801432
19,1,both_miss,-0.34128214262137824
19,2,correct,0.8981759757160812
19,2,m_miss,0.9178453372226283
19,2,e_miss,0.9402101504037066
19,2,both_miss,0.9589933528784297
20,0,correct,-0.5093237493875644
20,0,m_miss,-0.41441272567727044
20,0,e_miss,-0.35064054184590526
20,0,both_miss,-0.24542448096713906
20,1,correct,0.7050708359899905
20,1,m_miss,0.6841690757013547
20,1,e_miss,0.7347107335843419
20,1,both_miss,0.6720371544705792
20,2,correct,0.8860642551116641
20,2,m_miss,0.838044058869557
20,2,e_miss,0.7383109990223217
20,2,both_miss,0.7315633351149425
21,0,correct,-0.24864806502808673
21,0,m_miss,-0.3510570552710371
21,0,e_miss,-0.4926080774659914
21,0,both_miss,-0.3872688171895363
21,1,correct,-0.1835570504486874
21,1,m_miss,-0.09367191789461134
21,1,e_miss,-0.10531554120827145
21,1,both_miss,-0.06933614511047441
21,2,correct,0.4169932348583602
21,2,m_miss,0.41083438021549495
21,2,e_miss,0.5368951602320192
21,2,both_miss,0.4042513581607883
22,0,correct,-0.3920473927754029
22,0,m_miss,-0.5069880013781131
22,0,e_miss,-0.5367271973457003
22,0,both_miss,-0.596869564656505
22,1,correct,0.5471589349759803
22,1,m_miss,0.5764273053291143
22,1,e_miss,0.49430169879774233
22,1,both_miss,0.5056269264901978
22,2,correct,0.393114683356468
22,2,m_miss,0.4675351932259487
22,2,e_miss,0.5523667141669203
22,2,both_miss,0.5875772507685982
23,0,correct,-0.46047005923096995
23,0,m_miss,-0.5196540191696718
23,0,e_miss,-0.7534841143905219
23,0,both_miss,-0.6802976315465574
23,1,correct,0.6182929162571451
23,1,m_miss,0.7275451018922654
23,1,e_miss,0.5550658752314505
23,1,both_miss,0.736353214940143
23,2,correct,0.21904718332497636
23,2,m_miss,0.1781168787834439
23,2,e_miss,0.5298287290712799
23,2,both_miss,0.2859960301322914
24,0,correct,0.8043797002153169
24,0,m_miss,0.819585612895367
24,0,e_miss,0.8131378574382391
24,0,both_miss,0.8080608964054458
24,1,correct,0.6944102913608469
24,1,m_miss,0.665840984798807
24,1,e_miss,0.6746624411509062
24,1,both_miss,0.6104581068113898
24,2,correct,-0.3637281845026509
24,2,m_miss,-0.3571326950808738
24,2,e_miss,-0.3384652802888611
24,2,both_miss,-0.30454781754524474
25,0,correct,0.6867733662265652
25,0,m_miss,0.6136078549740206
25,0,e_miss,0.6926656653227832
25,0,both_miss,0.6284437218107841
25,1,correct,-0.015942168833215694
25,1,m_miss,0.006999022497196518
25,1,e_miss,-0.038847879190020196
25,1,both_miss,-0.018649774601963914
25,2,correct,0.04439016430843997
25,2,m_miss,0.14211950049539562
25,2,e_miss,0.0501564996066069
25,2,both_miss,0.148304100379035
26,0,correct,-0.06277641820808744
26,0,m_miss,-0.1506478379519348
26,0,e_miss,0.05833680338229355
26,0,both_miss,0.01816491472582982
26,1,correct,0.26852739205919873
26,1,m_miss,0.1541067388215909
26,1,e_miss,0.38048793004289544
26,1,both_miss,0.21643950042784846
26,2,correct,0.03428058463088518
26,2,m_miss,0.17837654322567595
26,2,e_miss,-0.1389773563784146
26,2,both_miss,0.022440855318631315
27,0,correct,-0.672686639299952
27,0,m_miss,-0.6914160970103742
27,0,e_miss,-0.6742557400541616
27,0,both_miss,-0.6665597759771021
27,1,correct,-0.8433555649667537
27,1,m_miss,-0.9852507044498522
27,1,e_miss,-0.762732009322728
27,1,both_miss,-0.9943702497592567
27,2,correct,-0.4060528968605866
27,2,m_miss,-0.24366960362230258
27,2,e_miss,-0.4705791605044472
27,2,both_miss,-0.25239176943550246
28,0,correct,0.00767493550301258
28,0,m_miss,0.057950204584674446
28,0,e_miss,-0.1680252859253298
28,0,both_miss,0.04410313089731202
28,1,correct,-0.40566245139911705
28,1,m_miss,-0.5198183672594131
28,1,e_miss,-0.36199440585996445
28,1,both_miss,-0.5565841491238843
28,2,correct,-0.15622006351875178
28,2,m_miss,-0.06140846586832177
28,2,e_miss,0.08309560509404837
28,2,both_miss,0.0009974649138886223
29,0,correct,0.6079070996627421
29,0,m_miss,0.655611092984263
29,0,e_miss,0.6084316251567974
29,0,both_miss,0.6535149762169592
29,1,correct,-1.006427836983184
29,1,m_miss,-1.076930046063724
29,1,e_miss,-1.1130196110173531
29,1,both_miss,-1.1440549752761575
29,2,correct,0.8449921462701125
29,2,m_miss,0.8309003876106603
29,2,e_miss,0.9532474979115964
29,2,both_miss,0.9232663462330132
30,0,correct,-0.5486672881959183
30,0,m_miss,-0.6930562660704179
30,0,e_miss,-0.5273616668590652
30,0,both_miss,-0.7501012973950529
30,1,correct,0.2309422879460573
30,1,m_miss,0.3005480074057316
30,1,e_miss,0.26241272975198376
30,1,both_miss,0.3311307820734222
30,2,correct,0.4452156508970375
30,2,m_miss,0.5363159735521563
30,2,e_miss,0.3955960644620268
30,2,both_miss,0.5671778801847509
31,0,correct,0.8677996779893404
31,0,m_miss,0.8877696628380078
31,0,e_miss,0.7229273039118647
31,0,both_miss,0.8891956410355368
31,1,correct,-0.4498893215037291
31,1,m_miss,-0.46737767474159836
31,1,e_miss,-0.34221389420042353
31,1,both_miss,-0.44828262509916933
31,2,correct,-0.4839363306651142
31,2,m_miss,-0.4650867321266186
31,2,e_miss,-0.4599448741181093
31,2,both_miss,-0.5024020902178467
32,0,correct,0.5423000496849013
32,0,m_miss,0.44942017739405143
32,0,e_miss,0.5986316751727871
32,0,both_miss,0.4579042573929431
32,1,correct,0.8435031312370151
32,1,m_miss,0.8567554283441438
32,1,e_miss,0.864651669122229
32,1,both_miss,0.842304616590175
32,2,correct,-0.7955873353564028
32,2,m_miss,-0.6904570227254402
32,2,e_miss,-0.8752175487152246
32,2,both_miss,-0.6876076553973087
33,0,correct,-0.1049968690848882
33,0,m_miss,-0.06069213745572764
33,0,e_miss,-0.18690008371530925
33,0,both_miss,0.01578196346113959
33,1,correct,0.4261139178353342
33,1,m_miss,0.3792545415324803
33,1,e_miss,0.670583375556229
33,1,both_miss,0.44977472265076895
33,2,correct,-0.5105845100345916
33,2,m_miss,-0.487624304639377
33,2,e_miss,-0.7489288803096914
33,2,both_miss,-0.6322222320144582
34,0,correct,-0.7036683513574655
34,0,m_miss,-0.6024006033553756
34,0,e_miss,-0.5762093728269512
34,0,both_miss,-0.5238755453742123
34,1,correct,0.44654141288160715
34,1,m_miss,0.45051543329455346
34,1,e_miss,0.41928264415643035
34,1,both_miss,0.4765619448150435
34,2,correct,-0.03099889258648975
34,2,m_miss,-0.16444760704640524
34,2,e_miss,-0.07012906773767294
34,2,both_miss,-0.24996657094398494
35,0,correct,-0.5170738276474285
35,0,m_miss,-0.6354772977504118
35,0,e_miss,-0.49050521463303925
35,0,both_miss,-0.6431974785457377
35,1,correct,-0.6697616020499216
35,1,m_miss,-0.45701226044006116
35,1,e_miss,-0.5622132900156219
35,1,both_miss,-0.4147053892400351
35,2,correct,0.06366547546198788
35,2,m_miss,-0.051494634286088456
35,2,e_miss,-0.09052331450137743
35,2,both_miss,-0.11550382220112518
36,0,correct,-0.4947880794459467
36,0,m_miss,-0.4926512779951994
36,0,e_miss,-0.343666617517985
36,0,both_miss,-0.5372915825789502
36,1,correct,-0.04800134536247126
36,1,m_miss,-0.06065583184779718
36,1,e_miss,0.10382213496819946
36,1,both_miss,-0.05272312118713085
36,2,correct,-0.5613252071136562
36,2,m_miss,-0.5517385608640963
36,2,e_miss,-0.8017584897770427
36,2,both_miss,-0.5450439734448743
37,0,correct,0.8425151925552515
37,0,m_miss,0.7558111042408888
37,0,e_miss,0.864102861382757
37,0,both_miss,0.7641280048251798
37,1,correct,-0.9101723531541722
37,1,m_miss,-0.8283806268628411
37,1,e_miss,-0.9968366308212263
37,1,both_miss,-0.8481998809281266
37,2,correct,-0.7514575898452585
37,2,m_miss,-0.6412069490089253
37,2,e_miss,-0.7423206892220281
37,2,both_miss,-0.63909706002737
38,0,correct,0.6580835360126384
38,0,m_miss,0.6891764095043593
38,0,e_miss,0.6747148303904029
38,0,both_miss,0.6864520939508333
38,1,correct,0.9249087131537878
38,1,m_miss,0.8284698277979866
38,1,e_miss,0.9153951082858449
38,1,both_miss,0.8354418677857431
38,2,correct,0.7209959177207387
38,2,m_miss,0.8029187861517624
38,2,e_miss,0.71317434436439
38,2,both_miss,0.8008156905921535
39,0,correct,0.706770511207082
39,0,m_miss,0.7076455639341547
39,0,e_miss,0.4575438404680943
39,0,both_miss,0.6934238862057858
39,1,correct,-0.9237831484475425
39,1,m_miss,-1.0029689494821024
39,1,e_miss,-0.96687509717588
39,1,both_miss,-1.0150779488639892
39,2,correct,0.6970768642814726
39,2,m_miss,0.7641189419595238
39,2,e_miss,0.9403342974388669
39,2,both_miss,0.7966842358032451
40,0,correct,-0.5871147411082421
40,0,m_miss,-0.4806521975770927
40,0,e_miss,-0.7102937322005294
40,0,both_miss,-0.4353016246474294
40,1,correct,-0.6350662161896194
40,1,m_miss,-0.5289942095489896
40,1,e_miss,-0.5945465166904904
40,1,both_miss,-0.5338466999040737
40,2,correct,-0.08441044039375713
40,2,m_miss,-0.2618922039658822
40,2,e_miss,-0.05526107343096197
40,2,both_miss,-0.2572577097543635
41,0,correct,-0.2129527300497156
41,0,m_miss,-0.2854191282382502
41,0,e_miss,-0.13885529273778388
41,0,both_miss,-0.34815474181898043
41,1,correct,0.200821865527027
41,1,m_miss,0.1812725946498648
41,1,e_miss,0.15868403533864223
41,1,both_miss,0.3135744630919095
41,2,correct,0.4516277236701299
41,2,m_miss,0.5087625095409197
41,2,e_miss,0.4181501398551716
41,2,both_miss,0.47014980073880563
42,0,correct,-0.4333695276583015
42,0,m_miss,-0.41965206739779637
42,0,e_miss,-0.2615533976939936
42,0,both_miss,-0.32752316027617945
42,1,correct,0.20760027674981837
42,1,m_miss,0.21728451991542627
42,1,e_miss,0.2006270889487495
42,1,both_miss,0.21386443485668888
42,2,correct,-0.7422973199297009
42,2,m_miss,-0.7507481198908955
42,2,e_miss,-0.859621686430998
42,2,both_miss,-0.8377941695232813
43,0,correct,0.663156210684355
43,0,m_miss,0.6027362014950081
43,0,e_miss,0.7137251374105458
43,0,both_miss,0.5912368522156755
43,1,correct,0.6859876974245079
43,1,m_miss,0.7485967870584336
43,1,e_miss,0.7167610752200682
43,1,both_miss,0.7684194571246918
43,2,correct,0.9254771167161667
43,2,m_miss,0.896477958512809
43,2,e_miss,0.8370459143973125
43,2,both_miss,0.89034856287267
44,0,correct,-0.5761672578184873
44,0,m_miss,-0.5274757422099926
44,0,e_miss,-0.6196830579941209
44,0,both_miss,-0.5552208346949726
44,1,correct,0.28131258551990956
44,1,m_miss,0.4027678624842262
44,1,e_miss,0.3314835904133035
44,1,both_miss,0.462625266887402
44,2,correct,-0.7301064330386422
44,2,m_miss,-0.8548359225537483
44,2,e_miss,-0.692183459808683
44,2,both_miss,-0.8656664364394692
45,0,correct,-0.43005923828656833
45,0,m_miss,-0.4207560672825412
45,0,e_miss,-0.39619931644120926
45,0,both_miss,-0.4909504160010406
45,1,correct,0.018207552068658275
45,1,m_miss,0.01999070017359309
45,1,e_miss,-0.1485180239545186
45,1,both_miss,-0.11711210619240438
45,2,correct,-0.7713933133462865
45,2,m_miss,-0.7663880165651682
45,2,e_miss,-0.6339594405287231
45,2,both_miss,-0.5054839626749199
46,0,correct,0.2515823171884027
46,0,m_miss,0.3596267852567356
46,0,e_miss,0.3193048113038495
46,0,both_miss,0.4470551445938161
46,1,correct,-0.9267093855276781
46,1,m_miss,-1.0352477251087946
46,1,e_miss,-1.0383409498741831
46,1,both_miss,-1.1591708353403598
46,2,correct,-0.39383960373850313
46,2,m_miss,-0.4339494295592073
46,2,e_miss,-0.2913595958006095
46,2,both_miss,-0.41874342621006416
47,0,correct,-0.46444716675007264
47,0,m_miss,-0.33944255449591626
47,0,e_miss,-0.5238674559384351
47,0,both_miss,-0.4010806549346778
47,1,correct,0.8974268981546679
47,1,m_miss,0.8871348248897264
47,1,e_miss,0.8250258397370511
47,1,both_miss,0.8316802491338668
47,2,correct,-0.7649939915194759
47,2,m_miss,-0.8533733608137425
47,2,e_miss,-0.6273393252606262
47,2,both_miss,-0.7273047944696185
48,0,correct,-0.1877016296844867
48,0,m_miss,-0.34715197058525066
48,0,e_miss,-0.22800280612251334
48,0,both_miss,-0.37419887862292195
48,1,correct,-0.7448464948892469
48,1,m_miss,-0.6422644939890384
48,1,e_miss,-0.7285557030220703
48,1,both_miss,-0.641638810172373
48,2,correct,-0.9409919352447611
48,2,m_miss,-0.9744343511885839
48,2,e_miss,-0.9363062808451886
48,2,both_miss,-0.9523820440184577
49,0,correct,-0.37163837521072013
49,0,m_miss,-0.23209709654100902
49,0,e_miss,-0.40100844260260754
49,0,both_miss,-0.20671536413605598
49,1,correct,0.4108678411093022
49,1,m_miss,0.32871922590059544
49,1,e_miss,0.5799492771749147
49,1,both_miss,0.42339452528712357
49,2,correct,0.42985252324715173
49,2,m_miss,0.3920606532590647
49,2,e_miss,0.3492534825916122
49,2,both_miss,0.3100246611561688
50,0,correct,-0.223390920240153
50,0,m_miss,-0.17124910442645425
50,0,e_miss,-0.21461327950600265
50,0,both_miss,-0.15452362779869339
50,1,correct,0.002254737958061736
50,1,m_miss,-0.18051732791218372
50,1,e_miss,-0.04985814009975816
50,1,both_miss,-0.24233912121156914
50,2,correct,0.04486999244038736
50,2,m_miss,0.2379105666024771
50,2,e_miss,0.10231534525465552
50,2,both_miss,0.24809061757165102
51,0,correct,-0.852855610546267
51,0,m_miss,-0.9184704279893587
51,0,e_miss,-0.9250866908092499
51,0,both_miss,-0.8863873108127114
51,1,correct,0.5196982263487182
51,1,m_miss,0.5592343663881879
51,1,e_miss,0.4848445274200094
51,1,both_miss,0.5441229662631376
51,2,correct,0.459483815767474
51,2,m_miss,0.5304731328606783
51,2,e_miss,0.5493653637678685
51,2,both_miss,0.4986800920192571
52,0,correct,0.6929909498660166
52,0,m_miss,0.7568616242285289
52,0,e_miss,0.5377940710004186
52,0,both_miss,0.6048732084213693
52,1,correct,-0.26283477527188037
52,1,m_miss,-0.29616313549644396
52,1,e_miss,-0.06654308675797929
52,1,both_miss,-0.07496340767395568
52,2,correct,-0.8214139201401678
52,2,m_miss,-0.9168828879159268
52,2,e_miss,-0.6959612166431886
52,2,both_miss,-0.8092804335842456
53,0,correct,0.3198604210661338
53,0,m_miss,0.26916659431131185
53,0,e_miss,0.4122866486277989
53,0,both_miss,0.3580340067599779
53,1,correct,0.15117871266904512
53,1,m_miss,0.20854177795415452
53,1,e_miss,0.15300420733711176
53,1,both_miss,0.21780065740816784
53,2,correct,0.1459542925429498
53,2,m_miss,0.15041374628975612
53,2,e_miss,0.020383281851786676
53,2,both_miss,0.017743396190114766
54,0,correct,1.0054387388934114
54,0,m_miss,0.9624111723338477
54,0,e_miss,1.0358693641307302
54,0,both_miss,1.0214581515421535
54,1,correct,-0.3635152762437387
54,1,m_miss,-0.30205388293122
54,1,e_miss,-0.3596060460286546
54,1,both_miss,-0.3583206033015323
54,2,correct,-0.6384527679994269
54,2,m_miss,-0.6867872428715346
54,2,e_miss,-0.6988743322785237
54,2,both_miss,-0.6694511741340596
55,0,correct,0.7180039297200721
55,0,m_miss,0.6655025124960048
55,0,e_miss,0.8992790214883879
55,0,both_miss,0.8263692926129628
55,1,correct,-0.21403019670935267
55,1,m_miss,-0.15402525842639594
55,1,e_miss,-0.411926147579652
55,1,both_miss,-0.18637680905421383
55,2,correct,0.278231593963364
55,2,m_miss,0.22798351608324027
55,2,e_miss,0.3885938616556687
55,2,both_miss,0.15088777221879304
56,0,correct,0.7592484339723529
56,0,m_miss,0.7057137806466911
56,0,e_miss,0.6463809946228155
56,0,both_miss,0.611908901378567
56,1,correct,0.4795807432300431
56,1,m_miss,0.4940510537591246
56,1,e_miss,0.589624276349387
56,1,both_miss,0.5782427065693628
56,2,correct,0.4095834373779425
56,2,m_miss,0.4714235652439595
56,2,e_miss,0.47892283713536077
56,2,both_miss,0.539066250916265
57,0,correct,-0.6494329396577032
57,0,m_miss,-0.478372136107246
57,0,e_miss,-0.6248057691360278
57,0,both_miss,-0.47875946160257504
57,1,correct,0.7805724140774836
57,1,m_miss,0.7226389016221607
57,1,e_miss,0.7649576546786495
57,1,both_miss,0.7221920019307654
57,2,correct,-0.8641699221637757
57,2,m_miss,-0.981352066260995
57,2,e_miss,-0.8772110125873039
57,2,both_miss,-0.9833594298681695
58,0,correct,0.9142893627075175
58,0,m_miss,1.1736601678308494
58,0,e_miss,0.9747017790623286
58,0,both_miss,1.1771667255312026
58,1,correct,-0.6753646353615159
58,1,m_miss,-0.8741797109207389
58,1,e_miss,-0.6682687692608735
58,1,both_miss,-0.8369641958340126
58,2,correct,-0.4341587125407008
58,2,m_miss,-0.5096292711718431
58,2,e_miss,-0.4973894845294627
58,2,both_miss,-0.5509480628720441
59,0,correct,-0.45609974328914676
59,0,m_miss,-0.4059487666206464
59,0,e_miss,-0.41924312460730356
59,0,both_miss,-0.47841561120082454
59,1,correct,0.6518553926134465
59,1,m_miss,0.5104906229106856
59,1,e_miss,0.6473303841144791
59,1,both_miss,0.6179621567156913
59,2,correct,-0.3993697365789692
59,2,m_miss,-0.37005722166196126
59,2,e_miss,-0.4235332407372373
59,2,both_miss,-0.3540808665050686
60,0,correct,0.25030895633617833
60,0,m_miss,0.31975718836184036
60,0,e_miss,0.18959386480318588
60,0,both_miss,0.25732932211786935
60,1,correct,0.2619474789499471
60,1,m_miss,0.3634903616536623
60,1,e_miss,0.29245981806982885
60,1,both_miss,0.4116985583486296
60,2,correct,-0.8499999639941881
60,2,m_miss,-0.9912408571526082
60,2,e_miss,-0.841749345603935
60,2,both_miss,-0.9896405041838746
61,0,correct,0.4773904066254945
61,0,m_miss,0.4438373629518957
61,0,e_miss,0.48659402764262705
61,0,both_miss,0.47920908981643545
61,1,correct,0.4644333267905718
61,1,m_miss,0.6078401339079164
61,1,e_miss,0.4024006930518652
61,1,both_miss,0.5174728772928557
61,2,correct,-0.8957405727034401
61,2,m_miss,-0.9790208519829425
61,2,e_miss,-0.8778620896013312
61,2,both_miss,-0.9449662909433185
62,0,correct,-0.8897590274673373
62,0,m_miss,-1.0270585543627666
62,0,e_miss,-0.918646549067083
62,0,both_miss,-1.0069368950393798
62,1,correct,0.7580139133546895
62,1,m_miss,0.9544183798231126
62,1,e_miss,0.9073070964104074
62,1,both_miss,1.0246131356037858
62,2,correct,0.7825903490244953
62,2,m_miss,0.7476321242392704
62,2,e_miss,0.6912958910435567
62,2,both_miss,0.6579877387322342
63,0,correct,0.12950664217205624
63,0,m_miss,0.05923677161235205
63,0,e_miss,0.10441163781347408
63,0,both_miss,0.05329374078462076
63,1,correct,0.8561215100699974
63,1,m_miss,0.863377254242431
63,1,e_miss,0.8587775319220115
63,1,both_miss,0.8688299420730797
63,2,correct,0.744849741186749
63,2,m_miss,0.8061908496891244
63,2,e_miss,0.7730383047689283
63,2,both_miss,0.8260457021652725
64,0,correct,-0.19019261151242794
64,0,m_miss,-0.16744404545119868
64,0,e_miss,-0.1576309030255008
64,0,both_miss,-0.13995743224733
64,1,correct,0.24119472757870908
64,1,m_miss,0.16797838076219415
64,1,e_miss,0.2765347971259933
64,1,both_miss,0.1619872711898528
64,2,correct,-0.9903038889530119
64,2,m_miss,-0.9156272813446144
64,2,e_miss,-1.0478338990084528
64,2,both_miss,-0.9290234382467494
65,0,correct,0.8494442580678374
65,0,m_miss,0.8183306556595976
65,0,e_miss,0.7978352876734162
65,0,both_miss,0.8212549237715157
65,1,correct,-0.5612183559628955
65,1,m_miss,-0.4136206135039832
65,1,e_miss,-0.45365296071951094
65,1,both_miss,-0.38161382135396466
65,2,correct,-0.80109280425025
65,2,m_miss,-0.9031639539521262
65,2,e_miss,-0.8416115517608562
65,2,both_miss,-0.9333506746204281
66,0,correct,0.26602145655542353
66,0,m_miss,0.31969018625560164
66,0,e_miss,0.252114016517279
66,0,both_miss,0.3157067848398333
66,1,correct,-0.28883825375902633
66,1,m_miss,-0.34789506932290276
66,1,e_miss,-0.3459903288049271
66,1,both_miss,-0.3422940421082154
66,2,correct,-0.9419802615243186
66,2,m_miss,-0.9269658614751516
66,2,e_miss,-0.8707131222258745
66,2,both_miss,-0.9282636225726266
67,0,correct,-0.12367085852170878
67,0,m_miss,-0.23567885356297635
67,0,e_miss,0.052584963370418694
67,0,both_miss,-0.11504806881991711
67,1,correct,-0.8646697665657298
67,1,m_miss,-0.8069648096058188
67,1,e_miss,-0.9812729171015878
67,1,both_miss,-0.9049810556646598
67,2,correct,0.9576902775678874
67,2,m_miss,0.9706750892842942
67,2,e_miss,0.9985869099559239
67,2,both_miss,0.99467289080491
68,0,correct,-0.6245039962241428
68,0,m_miss,-0.6746835130060523
68,0,e_miss,-0.8223096990243688
68,0,both_miss,-0.7433610169621244
68,1,correct,-0.9152374832067991
68,1,m_miss,-0.9564688013490421
68,1,e_miss,-1.1297424824509494
68,1,both_miss,-0.9754798149477375
68,2,correct,-0.5360212657308854
68,2,m_miss,-0.47992603005056705
68,2,e_miss,-0.27840022487571364
68,2,both_miss,-0.4255861477940015
69,0,correct,-0.08262540865350354
69,0,m_miss,0.08734185740873933
69,0,e_miss,-0.14854479878534343
69,0,both_miss,0.08349490221983669
69,1,correct,0.0765658056236765
69,1,m_miss,-0.04067618464345092
69,1,e_miss,0.1376594720522514
69,1,both_miss,-0.04995774548518483
69,2,correct,-0.39207688548404046
69,2,m_miss,-0.37701057522781156
69,2,e_miss,-0.4387711002708615
69,2,both_miss,-0.36264899728585553
70,0,correct,-0.7188370476052386
70,0,m_miss,-0.592617474379612
70,0,e_miss,-0.5988985837160903
70,0,both_miss,-0.5444575202546066
70,1,correct,-0.3652166022645387
70,1,m_miss,-0.440640816331439
70,1,e_miss,-0.4177721588133091
70,1,both_miss,-0.4593596393114573
70,2,correct,0.9001851128920023
70,2,m_miss,0.7955103011477548
70,2,e_miss,0.7524973645922026
70,2,both_miss,0.7150543744059563
71,0,correct,-0.1304054401277212
71,0,m_miss,0.06640101848498078
71,0,e_miss,-0.39110228250408785
71,0,both_miss,0.002929468704286288
71,1,correct,-0.48449113734094956
71,1,m_miss,-0.6407424916196074
71,1,e_miss,-0.39261330736887606
71,1,both_miss,-0.6924201222118531
71,2,correct,-0.25369251344052296
71,2,m_miss,-0.28152104319758264
71,2,e_miss,-0.15701142660558715
71,2,both_miss,-0.19590569527075302
72,0,correct,0.256340398395294
72,0,m_miss,0.35455261704799995
72,0,e_miss,0.240780641194493
72,0,both_miss,0.36232287400437097
72,1,correct,-0.24902926540444606
72,1,m_miss,-0.24158221314585535
72,1,e_miss,-0.32373015500569213
72,1,both_miss,-0.2661392333627665
72,2,correct,-0.6647914151994332
72,2,m_miss,-0.7251239099517218
72,2,e_miss,-0.5898693495608325
72,2,both_miss,-0.7043633972577766
73,0,correct,-0.7838927122468097
73,0,m_miss,-0.8978424766385525
73,0,e_miss,-0.765863349277397
73,0,both_miss,-0.8810561985936322
73,1,correct,0.9519620402367401
73,1,m_miss,0.9497896829383374
73,1,e_miss,0.8754066173006658
73,1,both_miss,0.904456370213166
73,2,correct,-0.9053460259431065
73,2,m_miss,-0.772813964158105
73,2,e_miss,-0.8478923539695655
73,2,both_miss,-0.7598247968469006
74,0,correct,0.5784375146089099
74,0,m_miss,0.3827690736238732
74,0,e_miss,0.6615292280949036
74,0,both_miss,0.36050811902453966
74,1,correct,-0.9596587136694864
74,1,m_miss,-0.881684409409934
74,1,e_miss,-0.9655819994436137
74,1,both_miss,-0.8279298674141518
74,2,correct,0.028060867160549837
74,2,m_miss,0.09443765902190772
74,2,e_miss,-0.019705957895919404
74,2,both_miss,0.042967407369107674
75,0,correct,0.4309273298530917
75,0,m_miss,0.5579982283457234
75,0,e_miss,0.38230578289812556
75,0,both_miss,0.5796515975926528
75,1,correct,0.9803884730430164
75,1,m_miss,0.7566642210336336
75,1,e_miss,1.1189800745718996
75,1,both_miss,0.8691833143456533
75,2,correct,-0.7442619185568624
75,2,m_miss,-0.6968366116074995
75,2,e_miss,-0.7911670254890829
75,2,both_miss,-0.7834624424745957
76,0,correct,0.9915929661506746
76,0,m_miss,1.0612665626751414
76,0,e_miss,0.9383261551344855
76,0,both_miss,1.1062281065262538
76,1,correct,0.48432179794402147
76,1,m_miss,0.49084325855790456
76,1,e_miss,0.6913377090958835
76,1,both_miss,0.5422923119663476
76,2,correct,0.14237791620985188
76,2,m_miss,0.076575378404229
76,2,e_miss,-0.12170243903641563
76,2,both_miss,-0.05867809070267989
77,0,correct,0.5207839203203211
77,0,m_miss,0.5169229943636453
77,0,e_miss,0.5322182484740274
77,0,both_miss,0.4825103997781818
77,1,correct,-0.06672681481362902
77,1,m_miss,-0.0966259353509714
77,1,e_miss,-0.124819858293378
77,1,both_miss,-0.10997388879393451
77,2,correct,-0.6146985987441409
77,2,m_miss,-0.6053963342740585
77,2,e_miss,-0.5794923299077137
77,2,both_miss,-0.5335913733137133
78,0,correct,0.12279354984326966
78,0,m_miss,0.23714545185876704
78,0,e_miss,0.056255451826325756
78,0,both_miss,0.17027960133581732
78,1,correct,-0.5620448960572181
78,1,m_miss,-0.510186150436974
78,1,e_miss,-0.5410222758275269
78,1,both_miss,-0.4288193257026675
78,2,correct,0.8696921620307211
78,2,m_miss,0.7523754339425505
78,2,e_miss,0.8815360256344185
78,2,both_miss,0.7185477233750884
79,0,correct,-0.46984168439630375
79,0,m_miss,-0.4617327519612751
79,0,e_miss,-0.5133771331841633
79,0,both_miss,-0.5211559794262334
79,1,correct,-0.6013481068627236
79,1,m_miss,-0.566233541376887
79,1,e_miss,-0.5141695663606305
79,1,both_miss,-0.47173542637425564
79,2,correct,-0.19379276082520042
79,2,m_miss,-0.2351024389668333
79,2,e_miss,-0.254591954889125
79,2,both_miss,-0.2793407739072165
80,0,correct,-0.9643478734594275
80,0,m_miss,-1.0898236766035772
80,0,e_miss,-0.9324113144135044
80,0,both_miss,-1.00621272752494
80,1,correct,0.3431822680891753
80,1,m_miss,0.4619836661347276
80,1,e_miss,0.3005186942622642
80,1,both_miss,0.39585300411542684
80,2,correct,-0.4160255961785382
80,2,m_miss,-0.37477661116117594
80,2,e_miss,-0.37386653396834896
80,2,both_miss,-0.4251527275505525
81,0,correct,0.43887394687389225
81,0,m_miss,0.4687165555065751
81,0,e_miss,0.35122482484555667
81,0,both_miss,0.3935217096749933
81,1,correct,0.9093953670416085
81,1,m_miss,0.8863850728160758
81,1,e_miss,1.0799721000834344
81,1,both_miss,1.0569487948063814
81,2,correct,0.2522155164973073
81,2,m_miss,0.24882482501662423
81,2,e_miss,0.18284316174278104
81,2,both_miss,0.1830828676137158
82,0,correct,-0.8154010791830221
82,0,m_miss,-0.9767020652044427
82,0,e_miss,-0.7936764863735286
82,0,both_miss,-0.9686961080130332
82,1,correct,0.7676191577141411
82,1,m_miss,0.7619212907120075
82,1,e_miss,0.7325870641870957
82,1,both_miss,0.7304267470607375
82,2,correct,0.19813684599538617
82,2,m_miss,0.3118752369632795
82,2,e_miss,0.20434957596034098
82,2,both_miss,0.33016008304086186
83,0,correct,0.8393788179771283
83,0,m_miss,0.8178859095575313
83,0,e_miss,0.7500003516800655
83,0,both_miss,0.7850749607385484
83,1,correct,-0.6213371190986877
83,1,m_miss,-0.7094302769563491
83,1,e_miss,-0.713691329038967
83,1,both_miss,-0.6942663748761917
83,2,correct,-0.9323601995549518
83,2,m_miss,-0.8332774871206062
83,2,e_miss,-0.7950440620418806
83,2,both_miss,-0.8284780690176348
84,0,correct,-0.8076592394266314
84,0,m_miss,-0.9428501017856284
84,0,e_miss,-0.7387792925265242
84,0,both_miss,-0.8942976261523625
84,1,correct,0.21263496201292428
84,1,m_miss,0.11148275386272742
84,1,e_miss,0.0600030162286112
84,1,both_miss,-0.05904665733864475
84,2,correct,-0.6621795510496961
84,2,m_miss,-0.40959183921997844
84,2,e_miss,-0.5772227578369108
84,2,both_miss,-0.30351122101261685
85,0,correct,-0.9812184018405726
85,0,m_miss,-0.9546277902053697
85,0,e_miss,-0.981564491920279
85,0,both_miss,-0.9024413444145406
85,1,correct,-0.21967537022511416
85,1,m_miss,-0.27812873640804403
85,1,e_miss,-0.27706643273814285
85,1,both_miss,-0.3364309706463359
85,2,correct,0.3593155011551123
85,2,m_miss,0.40164627207778375
85,2,e_miss,0.42249736753654676
85,2,both_miss,0.3981273205693958
86,0,correct,0.7715361513459167
86,0,m_miss,0.7506957477636943
86,0,e_miss,0.8149473014014051
86,0,both_miss,0.8527161601276328
86,1,correct,-0.43636455698473114
86,1,m_miss,-0.3529081745610021
86,1,e_miss,-0.3444399275044202
86,1,both_miss,-0.4125161727743245
86,2,correct,0.3624346198204076
86,2,m_miss,0.3040585512150086
86,2,e_miss,0.23067514705198425
86,2,both_miss,0.2614905021270793
87,0,correct,-0.8732959408012417
87,0,m_miss,-0.9224733545109701
87,0,e_miss,-0.9022232984182006
87,0,both_miss,-0.833918971896829
87,1,correct,-0.16106854600076914
87,1,m_miss,-0.11081426587233104
87,1,e_miss,-0.18930466599679782
87,1,both_miss,-0.22774638399986466
87,2,correct,-0.29531412809504376
87,2,m_miss,-0.30515350282063797
87,2,e_miss,-0.24230300859500012
87,2,both_miss,-0.24218633279559076
88,0,correct,-0.7513850271255269
88,0,m_miss,-0.757344408419969
88,0,e_miss,-0.6572590337759231
88,0,both_miss,-0.8093929561188975
88,1,correct,0.5675853922751702
88,1,m_miss,0.6202831604054824
88,1,e_miss,0.5410602633130662
88,1,both_miss,0.645893227716685
88,2,correct,-0.3490122606018996
88,2,m_miss,-0.383843302251345
88,2,e_miss,-0.4271987213047731
88,2,both_miss,-0.33394818092698947
89,0,correct,-0.7572569874987712
89,0,m_miss,-0.6935549560093999
89,0,e_miss,-0.6869470528290325
89,0,both_miss,-0.6760253648536311
89,1,correct,0.18100283338517306
89,1,m_miss,0.2895137160158099
89,1,e_miss,0.12270532426883564
89,1,both_miss,0.277963940821975
89,2,correct,-0.8687387724892203
89,2,m_miss,-1.0756352203746387
89,2,e_miss,-0.902515847802793
89,2,both_miss,-1.0798915978871195
90,0,correct,0.5446933252651383
90,0,m_miss,0.5390600247869449
90,0,e_miss,0.5103347997495421
90,0,both_miss,0.48719258224809475
90,1,correct,0.2906184690118986
90,1,m_miss,0.34885022433271706
90,1,e_miss,0.25259077493121557
90,1,both_miss,0.3309702349828016
90,2,correct,-0.214286761664524
90,2,m_miss,-0.23830517822606376
90,2,e_miss,-0.18548083886514333
90,2,both_miss,-0.21003725301510243
91,0,correct,0.3366318097822821
91,0,m_miss,0.23923410418016774
91,0,e_miss,0.3517436228442385
91,0,both_miss,0.3194879967808737
91,1,correct,-0.9881311555897649
91,1,m_miss,-1.010877844682944
91,1,e_miss,-1.0391731312334809
91,1,both_miss,-1.1488281843094819
91,2,correct,-0.16254078028966426
91,2,m_miss,-0.05997036246451395
91,2,e_miss,-0.1355789171196116
91,2,both_miss,0.024813569263997352
92,0,correct,0.44418065231531
92,0,m_miss,0.398957116101432
92,0,e_miss,0.48712060404664914
92,0,both_miss,0.41218020648069487
92,1,correct,0.5778020817557064
92,1,m_miss,0.677389090924674
92,1,e_miss,0.5738009216773664
92,1,both_miss,0.6576411426707623
92,2,correct,0.745253175479181
92,2,m_miss,0.6819593108376157
92,2,e_miss,0.6820188133292423
92,2,both_miss,0.6746533657835623
93,0,correct,0.20732328688913249
93,0,m_miss,0.2534125979713704
93,0,e_miss,0.269007287637635
93,0,both_miss,0.27831188297574266
93,1,correct,0.750532884797029
93,1,m_miss,0.6329379051075311
93,1,e_miss,0.7695060906764167
93,1,both_miss,0.6525811992870594
93,2,correct,-0.8803477736606762
93,2,m_miss,-0.7643709965451432
93,2,e_miss,-1.003863552856256
93,2,both_miss,-0.8113349314750935
94,0,correct,0.09505395508947924
94,0,m_miss,0.11631657070562214
94,0,e_miss,0.18811499674118906
94,0,both_miss,0.1646275588043417
94,1,correct,0.4484426101914597
94,1,m_miss,0.3288445445705336
94,1,e_miss,0.35840049433462484
94,1,both_miss,0.29969009760006177
94,2,correct,-0.3582775387628883
94,2,m_miss,-0.26490663656276486
94,2,e_miss,-0.35120798524686203
94,2,both_miss,-0.27095935755421474
95,0,correct,-0.24656872268408983
95,0,m_miss,-0.1833927587646195
95,0,e_miss,-0.2627168955834103
95,0,both_miss,-0.176582456923901
95,1,correct,-0.5651287062866477
95,1,m_miss,-0.5834638664446786
95,1,e_miss,-0.7778379042079119
95,1,both_miss,-0.6274043117890516
95,2,correct,0.03930382810161939
95,2,m_miss,0.01667831473116149
95,2,e_miss,0.15031407679161302
95,2,both_miss,0.03978521620931384
96,0,correct,0.7129998360273824
96,0,m_miss,0.6586006984451414
96,0,e_miss,0.5086720322269277
96,0,both_miss,0.5704013304365677
96,1,correct,0.30959795820204056
96,1,m_miss,0.33600325733084513
96,1,e_miss,0.30751869507577917
96,1,both_miss,0.34798215757748385
96,2,correct,0.9374301655957353
96,2,m_miss,0.9435363660087438
96,2,e_miss,1.053981256996748
96,2,both_miss,0.9829310270237368
97,0,correct,-0.4254314897166817
97,0,m_miss,-0.4096916320677738
97,0,e_miss,-0.47666835972476995
97,0,both_miss,-0.4909653900083154
97,1,correct,-0.7486294317511297
97,1,m_miss,-0.6756916258443944
97,1,e_miss,-0.8015362928240178
97,1,both_miss,-0.576611210336933
97,2,correct,0.5045202161815148
97,2,m_miss,0.3467823938686379
97,2,e_miss,0.6519616841035742
97,2,both_miss,0.3818279802232259
98,0,correct,-0.14646224595929094
98,0,m_miss,-0.2348963145488617
98,0,e_miss,-0.030194575348148678
98,0,both_miss,-0.22748503507720272
98,1,correct,0.36374149878646284
98,1,m_miss,0.23535151407690458
98,1,e_miss,0.35484661458047806
98,1,both_miss,0.2681490525843536
98,2,correct,-0.42167787471509444
98,2,m_miss,-0.148427918648408
98,2,e_miss,-0.5287014529979194
98,2,both_miss,-0.19324401487138873
99,0,correct,0.636357970478498
99,0,m_miss,0.8105738112366927
99,0,e_miss,0.7116376933440086
99,0,both_miss,0.8490296141936292
99,1,correct,-0.5765042799651375
99,1,m_miss,-0.6021409349838226
99,1,e_miss,-0.4211337955489361
99,1,both_miss,-0.48276388007673343
99,2,correct,0.11260048232415074
99,2,m_miss,0.009714345399519162
99,2,e_miss,-0.04005294548243397
99,2,both_miss,-0.12634201925796348
100,0,correct,-0.4619823023668632
100,0,m_miss,-0.38073176146879767
100,0,e_miss,-0.42888814823006305
100,0,both_miss,-0.4229054221396778
100,1,correct,-0.1768971785231305
100,1,m_miss,-0.18312478854596634
100,1,e_miss,-0.03893933908524864
100,1,both_miss,-0.1713937804903106
100,2,correct,0.8570682769224012
100,2,m_miss,0.800479614165885
100,2,e_miss,0.6964441450700196
100,2,both_miss,0.8246721447243627
101,0,correct,-0.4584727863414522
101,0,m_miss,-0.5039322529966367
101,0,e_miss,-0.43968949537366075
101,0,both_miss,-0.5332824917187959
101,1,correct,0.3598827169881251
101,1,m_miss,0.30817675513582055
101,1,e_miss,0.18080497855704905
101,1,both_miss,0.2814364795986221
101,2,correct,0.030303739407049668
101,2,m_miss,0.1855741309070911
101,2,e_miss,0.23767929779984914
101,2,both_miss,0.2780453299116873
102,0,correct,-0.7560392431541084
102,0,m_miss,-0.720254395926369
102,0,e_miss,-0.7810180300830794
102,0,both_miss,-0.7178979963686687
102,1,correct,0.09636333793793958
102,1,m_miss,0.1487299731630629
102,1,e_miss,0.15954316025003323
102,1,both_miss,0.1490807938098708
102,2,correct,-0.9425336208796292
102,2,m_miss,-1.026858741001788
102,2,e_miss,-0.9865949974216387
102,2,both_miss,-1.0212805552234718
103,0,correct,0.7484737540680627
103,0,m_miss,0.7405228994027062
103,0,e_miss,0.7656192125706802
103,0,both_miss,0.7266757357934548
103,1,correct,0.4872432462569418
103,1,m_miss,0.5297502579410807
103,1,e_miss,0.5677247925534559
103,1,both_miss,0.5584331201416821
103,2,correct,0.23894295252469377
103,2,m_miss,0.20918162704761525
103,2,e_miss,0.14952893636513687
103,2,both_miss,0.19315251669860478
104,0,correct,0.5172727779192514
104,0,m_miss,0.5611860943823191
104,0,e_miss,0.5526915970954412
104,0,both_miss,0.5642404811706143
104,1,correct,-0.7460393196472423
104,1,m_miss,-0.8096563186014987
104,1,e_miss,-0.8956495102129068
104,1,both_miss,-0.8108863796272385
104,2,correct,0.3355475954435941
104,2,m_miss,0.39812453587365326
104,2,e_miss,0.4241963733413826
104,2,both_miss,0.3957297031600846
105,0,correct,-0.26199801124827254
105,0,m_miss,-0.34113695187114396
105,0,e_miss,-0.22152678639742215
105,0,both_miss,-0.3015859113123644
105,1,correct,0.08074833662015456
105,1,m_miss,0.17839470600299043
105,1,e_miss,0.09174483889298633
105,1,both_miss,0.180732971905858
105,2,correct,-0.6524938916870219
105,2,m_miss,-0.6798640467186677
105,2,e_miss,-0.6723418030734106
105,2,both_miss,-0.6970238698151332
106,0,correct,0.5039034890331349
106,0,m_miss,0.5512733549068414
106,0,e_miss,0.4901918312454374
106,0,both_miss,0.5662344740847065
106,1,correct,-0.04877175296425939
106,1,m_miss,-0.05021874012205794
106,1,e_miss,-0.14542329758235717
106,1,both_miss,-0.08152293895691401
106,2,correct,-0.5964112120758754
106,2,m_miss,-0.6383704933591959
106,2,e_miss,-0.45028651807102815
106,2,both_miss,-0.6028606923676916
107,0,correct,0.8558714441245568
107,0,m_miss,0.9400190930648591
107,0,e_miss,0.8594792011545472
107,0,both_miss,0.8815580545975475
107,1,correct,-0.8168162551564413
107,1,m_miss,-0.8466051980509437
107,1,e_miss,-0.8004975281598505
107,1,both_miss,-0.8943774269791694
107,2,correct,0.09486769696650534
107,2,m_miss,0.07352701793734077
107,2,e_miss,0.07165824558069434
107,2,both_miss,0.14788151546425143
108,0,correct,0.4699167744242668
108,0,m_miss,0.46563595343348263
108,0,e_miss,0.39066991751411523
108,0,both_miss,0.4725702894566372
108,1,correct,-0.4338130032729168
108,1,m_miss,-0.32320645355779226
108,1,e_miss,-0.5570243871959321
108,1,both_miss,-0.4076467533752913
108,2,correct,-0.807187620649387
108,2,m_miss,-0.8820165937622948
108,2,e_miss,-0.6937840743090913
108,2,both_miss,-0.8271827949451295
109,0,correct,-0.9647272867425486
109,0,m_miss,-0.9631109250920745
109,0,e_miss,-1.0751225233667008
109,0,both_miss,-1.001120549764249
109,1,correct,0.907920307525317
109,1,m_miss,0.9180835600951589
109,1,e_miss,1.1482291458614924
109,1,both_miss,1.0130917918496307
109,2,correct,-0.36077731098561033
109,2,m_miss,-0.35651509350061267
109,2,e_miss,-0.49802899351265856
109,2,both_miss,-0.44108039845781444
110,0,correct,-0.18532451911428158
110,0,m_miss,-0.2887823216375032
110,0,e_miss,-0.29446813253063914
110,0,both_miss,-0.3694146224998043
110,1,correct,-0.37044678341616666
110,1,m_miss,-0.3212966266662306
110,1,e_miss,-0.39108920308752126
110,1,both_miss,-0.3579745966619259
110,2,correct,0.5425826938715559
110,2,m_miss,0.5840031366197755
110,2,e_miss,0.6764788635656968
110,2,both_miss,0.693739301243869
111,0,correct,0.7795727246517847
111,0,m_miss,1.087274832971415
111,0,e_miss,0.7098067981914481
111,0,both_miss,1.0840351096557903
111,1,correct,0.5663896113646358
111,1,m_miss,0.3533441604754308
111,1,e_miss,0.5872119711759292
111,1,both_miss,0.35148629924779046
111,2,correct,0.6657431452724026
111,2,m_miss,0.4783750837289403
111,2,e_miss,0.7304033212527464
111,2,both_miss,0.4848638865755251
112,0,correct,-0.3064310293735737
112,0,m_miss,-0.2225828987088116
112,0,e_miss,0.051888481308275405
112,0,both_miss,-0.20104087774424875
112,1,correct,-0.21871636243176243
112,1,m_miss,-0.1836207346041642
112,1,e_miss,-0.24801837127124793
112,1,both_miss,-0.14932395537855905
112,2,correct,0.5959814324878808
112,2,m_miss,0.5118526201776877
112,2,e_miss,0.3950259930550559
112,2,both_miss,0.4641079901879945
113,0,correct,0.1088376403924176
113,0,m_miss,0.25408815716131455
113,0,e_miss,-0.08970124816022575
113,0,both_miss,0.1182738389468434
113,1,correct,0.097668529464137
113,1,m_miss,0.1481449485990959
113,1,e_miss,0.129056617050199
113,1,both_miss,0.24084696128093783
113,2,correct,-0.7605527698021702
113,2,m_miss,-0.9189371360628199
113,2,e_miss,-0.5559621578132361
113,2,both_miss,-0.8352013665111696
114,0,correct,-0.5154645154014043
114,0,m_miss,-0.634432774029548
114,0,e_miss,-0.5054478004624318
114,0,both_miss,-0.6377109723604585
114,1,correct,-0.9504840987920499
114,1,m_miss,-0.8660533831746925
114,1,e_miss,-0.9401532424216669
114,1,both_miss,-0.8671531484098257
114,2,correct,0.2776958063436366
114,2,m_miss,0.2539168606205968
114,2,e_miss,0.26360026461722214
114,2,both_miss,0.2603210991874465
115,0,correct,0.6105736221440086
115,0,m_miss,0.6411283009941835
115,0,e_miss,0.5185472337959234
115,0,both_miss,0.598730860794428
115,1,correct,0.8110795268328415
115,1,m_miss,0.7040026271262609
115,1,e_miss,0.7776627071965899
115,1,both_miss,0.6764399737521112
115,2,correct,0.9395702276409817
115,2,m_miss,1.046986652052835
115,2,e_miss,1.0813068525371343
115,2,both_miss,1.1473453620411536
116,0,correct,0.5246332237444911
116,0,m_miss,0.5139334866182336
116,0,e_miss,0.7092471066755115
116,0,both_miss,0.6620988752514506
116,1,correct,0.65721436337807
116,1,m_miss,0.6983370166670583
116,1,e_miss,0.6263357049315063
116,1,both_miss,0.6523272576763235
116,2,correct,0.22036964843523474
116,2,m_miss,0.20010701809637427
116,2,e_miss,0.09555769378600738
116,2,both_miss,0.13799332231401373
117,0,correct,0.17628707495224877
117,0,m_miss,0.3182567989459874
117,0,e_miss,0.2525327045191752
117,0,both_miss,0.39571681582086815
117,1,correct,-0.9227315151042621
117,1,m_miss,-1.0660265011965904
117,1,e_miss,-0.8633235174232922
117,1,both_miss,-0.9555755079937928
117,2,correct,-0.9325968051876942
117,2,m_miss,-0.9711921257113636
117,2,e_miss,-1.0567506265303732
117,2,both_miss,-1.1308738503355353
118,0,correct,0.37963346845174367
118,0,m_miss,0.33693896997626815
118,0,e_miss,0.37569502745522965
118,0,both_miss,0.2556459809452037
118,1,correct,-0.42129026795409047
118,1,m_miss,-0.4104415462421572
118,1,e_miss,-0.4349144838029108
118,1,both_miss,-0.3560069608291614
118,2,correct,-0.9444518683054739
118,2,m_miss,-0.8680335316872215
118,2,e_miss,-0.9401919753777669
118,2,both_miss,-0.7748820418282768
119,0,correct,0.43743439237272963
119,0,m_miss,0.42784478956806826
119,0,e_miss,0.4077563266355643
119,0,both_miss,0.4572806915455845
119,1,correct,0.12916307257576348
119,1,m_miss,0.12401283650586424
119,1,e_miss,0.15318526351246664
119,1,both_miss,0.08126050558917655
119,2,correct,0.2005803499836883
119,2,m_miss,0.22288500028019162
119,2,e_miss,0.2360005778503482
119,2,both_miss,0.2247728550268707
120,0,correct,-0.850588424697947
120,0,m_miss,-0.6947093681835094
120,0,e_miss,-0.876949466707994
120,0,both_miss,-0.7046138261694234
120,1,correct,-0.7158986058698064
120,1,m_miss,-0.8811886994712156
120,1,e_miss,-0.5646123898900779
120,1,both_miss,-0.8758766043743179
120,2,correct,-0.5802559038455284
120,2,m_miss,-0.5565304437785026
120,2,e_miss,-0.7665899048283911
120,2,both_miss,-0.549295712970361
121,0,correct,0.13999295867184125
121,0,m_miss,-0.0328252732296163
121,0,e_miss,0.026122988584491746
121,0,both_miss,-0.07826609409568407
121,1,correct,-0.4961136810641029
121,1,m_miss,-0.3894769225310508
121,1,e_miss,-0.4318108912256809
121,1,both_miss,-0.3758598801482053
121,2,correct,-0.524597966635099
121,2,m_miss,-0.4386542500820194
121,2,e_miss,-0.4642255888538104
121,2,both_miss,-0.40286380190951776
122,0,correct,0.6966490359540851
122,0,m_miss,0.6997607140983759
122,0,e_miss,0.6836324559162406
122,0,both_miss,0.7127818700785234
122,1,correct,0.6988586800521557
122,1,m_miss,0.6533079617290498
122,1,e_miss,0.7475146762590003
122,1,both_miss,0.6528140583533075
122,2,correct,-0.11239794780722928
122,2,m_miss,-0.05555444916775303
122,2,e_miss,-0.16238706020648577
122,2,both_miss,-0.06406004206773389
123,0,correct,0.07748610707334447
123,0,m_miss,0.04080602864637269
123,0,e_miss,-0.0010627456718867957
123,0,both_miss,0.00924007565021943
123,1,correct,0.2788588379530045
123,1,m_miss,0.2419356305998891
123,1,e_miss,0.32060196969885374
123,1,both_miss,0.25695182192029153
123,2,correct,0.7101014774650122
123,2,m_miss,0.8007372716687235
123,2,e_miss,0.7871321807737736
123,2,both_miss,0.8279412689851948
124,0,correct,0.801661776769239
124,0,m_miss,0.6869902285939524
124,0,e_miss,0.7292998637062464
124,0,both_miss,0.6843584829693544
124,1,correct,0.24492115297241715
124,1,m_miss,0.2667328623034672
124,1,e_miss,0.24088823411706703
124,1,both_miss,0.29872432166606666
124,2,correct,-0.4869257034965441
124,2,m_miss,-0.4226274639817502
124,2,e_miss,-0.4358670312189831
124,2,both_miss,-0.4470980399901834
125,0,correct,-0.4223290705869277
125,0,m_miss,-0.27851915380666
125,0,e_miss,-0.4439771687291111
125,0,both_miss,-0.30421655229903827
125,1,correct,0.6242290017276199
125,1,m_miss,0.7343071191128677
125,1,e_miss,0.6342173386278048
125,1,both_miss,0.7301869160282897
125,2,correct,0.9516319722076504
125,2,m_miss,0.75830916657743
125,2,e_miss,0.9718437185883388
125,2,both_miss,0.803233265868046
126,0,correct,0.5617610211436903
126,0,m_miss,0.5392907540425361
126,0,e_miss,0.6398191024193874
126,0,both_miss,0.5204244253525101
126,1,correct,0.4376484936060441
126,1,m_miss,0.42258193911252095
126,1,e_miss,0.5952638068386976
126,1,both_miss,0.4347652597267327
126,2,correct,-0.23042519738417597
126,2,m_miss,-0.199387724647097
126,2,e_miss,-0.3832356701212174
126,2,both_miss,-0.19303843092419234
127,0,correct,0.29141331241143315
127,0,m_miss,0.35325741463028704
127,0,e_miss,0.19231592011500612
127,0,both_miss,0.35347712879536397
127,1,correct,-0.45419126121170444
127,1,m_miss,-0.4939884364018602
127,1,e_miss,-0.5128511447537106
127,1,both_miss,-0.5033559006003352
127,2,correct,0.8501217273225117
127,2,m_miss,0.7997398596505481
127,2,e_miss,0.9950623733220133
127,2,both_miss,0.8119005963166551
128,0,correct,0.4590813794303223
128,0,m_miss,0.4737842462176711
128,0,e_miss,0.4140582020312714
128,0,both_miss,0.4516980781118111
128,1,correct,1.0067777158480584
128,1,m_miss,1.0059515009321458
128,1,e_miss,1.0072643484748602
128,1,both_miss,0.9973177660966926
128,2,correct,0.1539078687469898
128,2,m_miss,0.14131069720371753
128,2,e_miss,0.2167122857953623
128,2,both_miss,0.19997954966268405
129,0,correct,-0.08258997075991512
129,0,m_miss,-0.027961682613763566
129,0,e_miss,0.06532850370548986
129,0,both_miss,0.07754567919045426
129,1,correct,-0.25938236279125965
129,1,m_miss,-0.1350470752035629
129,1,e_miss,-0.32190565600180665
129,1,both_miss,-0.21105008063670153
129,2,correct,0.29941066578146625
129,2,m_miss,0.18017461286935688
129,2,e_miss,0.23971745500774486
129,2,both_miss,0.11928434458146313
130,0,correct,0.4042849448480355
130,0,m_miss,0.4067251425371131
130,0,e_miss,0.4858093973976738
130,0,both_miss,0.5042117718049761
130,1,correct,0.8488181963200829
130,1,m_miss,0.9726110433306722
130,1,e_miss,0.766243264085396
130,1,both_miss,0.9109176400904907
130,2,correct,-0.134604310855795
130,2,m_miss,-0.23749153056999164
130,2,e_miss,-0.1247526668930208
130,2,both_miss,-0.23857509231631197
131,0,correct,0.1830800716304632
131,0,m_miss,0.3764255688944603
131,0,e_miss,0.12628876457150612
131,0,both_miss,0.3872659652191942
131,1,correct,0.9407558870671139
131,1,m_miss,0.7454888381490108
131,1,e_miss,0.9864851406026311
131,1,both_miss,0.7474640440952625
131,2,correct,-0.5618531437121234
131,2,m_miss,-0.43787966081443164
131,2,e_miss,-0.5773399893916936
131,2,both_miss,-0.46614774349753935
132,0,correct,-0.2948685717731785
132,0,m_miss,-0.2144468939399996
132,0,e_miss,-0.3338785654589906
132,0,both_miss,-0.23114708283513036
132,1,correct,-0.5757991087261081
132,1,m_miss,-0.7940420980643601
132,1,e_miss,-0.5942889804913475
132,1,both_miss,-0.7909055835838241
132,2,correct,-0.5877789347344389
132,2,m_miss,-0.481419509783161
132,2,e_miss,-0.5387476084133075
132,2,both_miss,-0.46745867960797494
133,0,correct,-0.05942250239190759
133,0,m_miss,-0.04260099800236035
133,0,e_miss,-0.1988584946595098
133,0,both_miss,-0.05588687707818635
133,1,correct,-0.004511775592455171
133,1,m_miss,-0.010580380456503715
133,1,e_miss,-0.12705421452210555
133,1,both_miss,-0.09094266498532409
133,2,correct,0.07141174982569318
133,2,m_miss,0.06309928602217328
133,2,e_miss,0.2972947287027684
133,2,both_miss,0.11865496851568136
134,0,correct,0.7823565070647153
134,0,m_miss,0.6637974335315878
134,0,e_miss,0.7702309790865769
134,0,both_miss,0.6051661827647946
134,1,correct,0.6560070422176928
134,1,m_miss,0.7832121247338311
134,1,e_miss,0.7510518670154737
134,1,both_miss,0.8031064623556415
134,2,correct,0.6748364608228321
134,2,m_miss,0.7118129248421392
134,2,e_miss,0.6179506442127615
134,2,both_miss,0.7577941651458526
135,0,correct,0.563360250313886
135,0,m_miss,0.4102934981068107
135,0,e_miss,0.7199854932444133
135,0,both_miss,0.5639209147555445
135,1,correct,-0.4276436306524414
135,1,m_miss,-0.34103505125351297
135,1,e_miss,-0.5463807767384905
135,1,both_miss,-0.4434610542227719
135,2,correct,-0.6513063564281508
135,2,m_miss,-0.5635476919016308
135,2,e_miss,-0.6929826138942775
135,2,both_miss,-0.6246080584350351
136,0,correct,-0.6677922488391869
136,0,m_miss,-0.626894101025061
136,0,e_miss,-0.5878980020282852
136,0,both_miss,-0.6340493239025444
136,1,correct,0.04032819559105449
136,1,m_miss,0.16128972377178102
136,1,e_miss,0.013098210370891233
136,1,both_miss,0.18075527972530306
136,2,correct,-0.5191810976938871
136,2,m_miss,-0.6682285480781089
136,2,e_miss,-0.557335297755857
136,2,both_miss,-0.6716188325812634
137,0,correct,0.28441901900787864
137,0,m_miss,0.2857617183298973
137,0,e_miss,0.1719002890811406
137,0,both_miss,0.22873621758774243
137,1,correct,0.7749816397036987
137,1,m_miss,0.739947400551654
137,1,e_miss,1.0659581949063104
137,1,both_miss,0.8190271973613267
137,2,correct,0.686476635045832
137,2,m_miss,0.7224597841493585
137,2,e_miss,0.6158019437853005
137,2,both_miss,0.7550100188118847
138,0,correct,0.8531509823377594
138,0,m_miss,0.7698996638163308
138,0,e_miss,0.7235202158640921
138,0,both_miss,0.736758456710738
138,1,correct,-0.8859190083793463
138,1,m_miss,-0.7345575493594302
138,1,e_miss,-0.8131084534685716
138,1,both_miss,-0.6785626696157603
138,2,correct,0.7093897609526287
138,2,m_miss,0.6187082613937416
138,2,e_miss,0.8181715537519302
138,2,both_miss,0.6727396711872066
139,0,correct,-0.14687232473984452
139,0,m_miss,-0.1270220155455849
139,0,e_miss,-0.21939905901682671
139,0,both_miss,-0.08374803104138281
139,1,correct,0.9558465475779911
139,1,m_miss,0.920787232751527
139,1,e_miss,1.1179184726278415
139,1,both_miss,0.9740737496971962
139,2,correct,-0.3235141988570579
139,2,m_miss,-0.3181625084626379
139,2,e_miss,-0.39872382451369137
139,2,both_miss,-0.4040347291146333
140,0,correct,0.7778945051772211
140,0,m_miss,0.8941484590097446
140,0,e_miss,0.695603367630255
140,0,both_miss,0.8553339890767544
140,1,correct,0.040429129283712735
140,1,m_miss,-0.2504360079725515
140,1,e_miss,0.11790820859813865
140,1,both_miss,-0.2157933062808411
140,2,correct,0.4872383482876676
140,2,m_miss,0.6377882041462982
140,2,e_miss,0.5549398925188821
140,2,both_miss,0.6699868743651709
141,0,correct,-0.452043822798378
141,0,m_miss,-0.4649571144541751
141,0,e_miss,-0.4442402876097919
141,0,both_miss,-0.47887780515113276
141,1,correct,-0.91933779026846
141,1,m_miss,-0.9446132390119321
141,1,e_miss,-0.9325445385768982
141,1,both_miss,-0.932933654870519
141,2,correct,0.7526992670124655
141,2,m_miss,0.8280109305264318
141,2,e_miss,0.7648518506676528
141,2,both_miss,0.8359673085590825
142,0,correct,0.7325449216478068
142,0,m_miss,0.7885876708339579
142,0,e_miss,0.8397126223956988
142,0,both_miss,0.7833996152188207
142,1,correct,0.5772804474407022
142,1,m_miss,0.5797642428701534
142,1,e_miss,0.5611688817248454
142,1,both_miss,0.5948146813660778
142,2,correct,0.7782843477236585
142,2,m_miss,0.7255731990179962
142,2,e_miss,0.6457283684580757
142,2,both_miss,0.7049558120184123
143,0,correct,-0.8415006616375993
143,0,m_miss,-0.8170592130631473
143,0,e_miss,-0.9304746996243967
143,0,both_miss,-0.8067409549569061
143,1,correct,0.29895248328254637
143,1,m_miss,0.2601645543761122
143,1,e_miss,0.3878084311480326
143,1,both_miss,0.25688847765303424
143,2,correct,-0.846637030829745
143,2,m_miss,-0.8439774869607826
143,2,e_miss,-0.8188747145931837
143,2,both_miss,-0.8569702958959852
144,0,correct,0.08115659309697955
144,0,m_miss,0.06428362952173322
144,0,e_miss,0.11072767841335518
144,0,both_miss,0.05022665681731244
144,1,correct,0.9649454867277714
144,1,m_miss,0.9666306739619852
144,1,e_miss,0.9111614529720611
144,1,both_miss,0.9779455199529468
144,2,correct,0.08156683787192703
144,2,m_miss,0.08241353190536174
144,2,e_miss,0.13440277546380694
144,2,both_miss,0.08798806904389708
145,0,correct,0.04372972765068974
145,0,m_miss,0.012968234182037379
145,0,e_miss,-0.02513969815489146
145,0,both_miss,0.035961523340456
145,1,correct,-0.13975384242339456
145,1,m_miss,-0.16075726218169653
145,1,e_miss,-0.11254991562126145
145,1,both_miss,-0.1404435841225062
145,2,correct,0.7323799436818614
145,2,m_miss,0.7713272492273059
145,2,e_miss,0.7675726561289715
145,2,both_miss,0.7436719615972592
146,0,correct,-0.28475393061535637
146,0,m_miss,-0.40526395273997223
146,0,e_miss,-0.35658766800632374
146,0,both_miss,-0.44131407906140885
146,1,correct,0.4370022733936094
146,1,m_miss,0.4403807243670186
146,1,e_miss,0.5040360902803417
146,1,both_miss,0.46684172478893304
146,2,correct,0.3286313480650138
146,2,m_miss,0.4871364047453115
146,2,e_miss,0.3438523254637055
146,2,both_miss,0.5114466800858581
147,0,correct,-0.6568167367446838
147,0,m_miss,-0.6180098992812356
147,0,e_miss,-0.7645771368402227
147,0,both_miss,-0.7234853510106286
147,1,correct,-0.6511481207018709
147,1,m_miss,-0.7749020132547254
147,1,e_miss,-0.6582351827431998
147,1,both_miss,-0.7626716070029059
147,2,correct,-0.9701866838646384
147,2,m_miss,-0.845242881677272
147,2,e_miss,-0.8331631707318978
147,2,both_miss,-0.7500282330239905
148,0,correct,-0.29252192015991574
148,0,m_miss,-0.1876909764237499
148,0,e_miss,-0.1649329621527354
148,0,both_miss,-0.15413444495924866
148,1,correct,0.09967959234543869
148,1,m_miss,-0.03573502193973894
148,1,e_miss,-0.07095395206458023
148,1,both_miss,-0.07603731127906455
148,2,correct,-0.10243669353753275
148,2,m_miss,-0.0985603418945585
148,2,e_miss,-0.11082187464993315
148,2,both_miss,-0.10673233746487036
149,0,correct,0.8167617541811814
149,0,m_miss,0.9476130563543091
149,0,e_miss,0.8726567158715968
149,0,both_miss,1.058365744552669
149,1,correct,0.18906436373088908
149,1,m_miss,-0.005327405473439128
149,1,e_miss,0.32902647351872827
149,1,both_miss,0.022139217317867454
149,2,correct,0.7427170853536335
149,2,m_miss,0.8028463117824085
149,2,e_miss,0.5422771231189222
149,2,both_miss,0.6646146768188803
150,0,correct,-0.0782388990001981
150,0,m_miss,0.004886403230459312
150,0,e_miss,0.0930779094788261
150,0,both_miss,0.13865420097450717
150,1,correct,-0.030771801458209125
150,1,m_miss,-0.15263838960410664
150,1,e_miss,-0.1927460578858351
150,1,both_miss,-0.2522296250041384
150,2,correct,0.10760434515318455
150,2,m_miss,0.08769650120314632
150,2,e_miss,0.002741109856919415
150,2,both_miss,0.004569050636018201
151,0,correct,0.17813075232731104
151,0,m_miss,0.3338275889737193
151,0,e_miss,0.23124666377651446
151,0,both_miss,0.3582679198160127
151,1,correct,0.7994160530132113
151,1,m_miss,0.7907785142397294
151,1,e_miss,0.9426161429351547
151,1,both_miss,0.8883251364124675
151,2,correct,-0.9321513242804637
151,2,m_miss,-1.1159038346893844
151,2,e_miss,-1.110341753069088
151,2,both_miss,-1.2369889726270766
152,0,correct,0.41912510248691887
152,0,m_miss,0.43235435534796335
152,0,e_miss,0.43013877786447924
152,0,both_miss,0.4376668755059748
152,1,correct,0.08020941263297203
152,1,m_miss,0.07340310048167337
152,1,e_miss,0.051008882107299175
152,1,both_miss,0.04020807581611273
152,2,correct,-0.15867329277913605
152,2,m_miss,-0.15010652960923723
152,2,e_miss,-0.1327046762195558
152,2,both_miss,-0.11477047571139667
153,0,correct,-0.6431427865974806
153,0,m_miss,-0.7703312768078504
153,0,e_miss,-0.6323831301312187
153,0,both_miss,-0.6880556055672439
153,1,correct,0.8389230379153331
153,1,m_miss,0.9125853172215367
153,1,e_miss,0.877078160325935
153,1,both_miss,0.9467119543794001
153,2,correct,-0.923184304471489
153,2,m_miss,-0.8778188800850459
153,2,e_miss,-0.9711572952234276
153,2,both_miss,-0.9497873438895548
154,0,correct,1.0080609827432223
154,0,m_miss,0.8550011361334084
154,0,e_miss,1.154086597530046
154,0,both_miss,0.9069990943149563
154,1,correct,0.518375985747093
154,1,m_miss,0.6738609002182917
154,1,e_miss,0.4626021688761847
154,1,both_miss,0.7186301145141984
154,2,correct,0.3823449565157906
154,2,m_miss,0.35370610674092584
154,2,e_miss,0.3097196546068304
154,2,both_miss,0.2748492169211991
155,0,correct,0.38326374015502895
155,0,m_miss,0.2983235662742698
155,0,e_miss,0.3951647909895184
155,0,both_miss,0.3203645869341573
155,1,correct,-0.9378567539535215
155,1,m_miss,-0.889352826170792
155,1,e_miss,-0.932618182862833
155,1,both_miss,-0.8733837931788533
155,2,correct,-0.7739895025774101
155,2,m_miss,-0.728542769980675
155,2,e_miss,-0.8314791457968937
155,2,both_miss,-0.7875113243385808
156,0,correct,-0.6714157191678034
156,0,m_miss,-0.6660818033038085
156,0,e_miss,-0.7123382162884416
156,0,both_miss,-0.7138198525213819
156,1,correct,0.43231590198880593
156,1,m_miss,0.4396910103369111
156,1,e_miss,0.5346313144172107
156,1,both_miss,0.5138286393566287
156,2,correct,-0.4418988688105498
156,2,m_miss,-0.4590713773509183
156,2,e_miss,-0.5069407606798612
156,2,both_miss,-0.510000998538578
157,0,correct,0.9281837346063062
157,0,m_miss,0.898760536505738
157,0,e_miss,0.9340412214899464
157,0,both_miss,0.8980104234476609
157,1,correct,-0.9128442743261322
157,1,m_miss,-0.7616433444795974
157,1,e_miss,-0.9155238767795679
157,1,both_miss,-0.7633800812312349
157,2,correct,0.09531973712294502
157,2,m_miss,-0.0790844080082
157,2,e_miss,0.07009246225118612
157,2,both_miss,-0.07465877992480509
158,0,correct,-0.4969357175232923
158,0,m_miss,-0.2940895580133843
158,0,e_miss,-0.6508946672147536
158,0,both_miss,-0.34792325456679357
158,1,correct,-0.3529154738631884
158,1,m_miss,-0.4347252111391435
158,1,e_miss,-0.28191492345342634
158,1,both_miss,-0.31607517240371535
158,2,correct,0.933599107683927
158,2,m_miss,0.885270677912045
158,2,e_miss,0.9881077381107707
158,2,both_miss,0.8096339944046039
159,0,correct,-0.9924765660480684
159,0,m_miss,-0.9553454170715899
159,0,e_miss,-0.9679795339219468
159,0,both_miss,-0.9672035291879398
159,1,correct,-0.5440876375727887
159,1,m_miss,-0.6072402641411329
159,1,e_miss,-0.5645999694798636
159,1,both_miss,-0.5784804882141056
159,2,correct,-0.5061385811708707
159,2,m_miss,-0.5024468698203894
159,2,e_miss,-0.5088384259417456
159,2,both_miss,-0.509666056298642
160,0,correct,-0.04145439525448202
160,0,m_miss,0.013259728215131996
160,0,e_miss,-0.14080731138193883
160,0,both_miss,0.0167143364077307
160,1,correct,0.36127006404908524
160,1,m_miss,0.2175537579573153
160,1,e_miss,0.3031353834733947
160,1,both_miss,0.21533633931082427
160,2,correct,0.970487042804814
160,2,m_miss,1.0434633987529252
160,2,e_miss,1.1390948953296687
160,2,both_miss,1.0428039219003171
161,0,correct,-0.6202409290975327
161,0,m_miss,-0.5770371211598418
161,0,e_miss,-0.7017954310941379
161,0,both_miss,-0.5558976012476755
161,1,correct,0.11828751200401842
161,1,m_miss,0.01783608411490934
161,1,e_miss,0.28762659925673656
161,1,both_miss,0.024468197631494056
161,2,correct,-0.7181481773046076
161,2,m_miss,-0.7026940679513288
161,2,e_miss,-0.7867938354900177
161,2,both_miss,-0.7050824103378314
162,0,correct,0.8523012192340684
162,0,m_miss,0.7717592537250131
162,0,e_miss,0.7706612914022062
162,0,both_miss,0.669607766593543
162,1,correct,0.9778343776905762
162,1,m_miss,0.9436134909097927
162,1,e_miss,1.1103888814806124
162,1,both_miss,1.1770953430688678
162,2,correct,-0.796795848557634
162,2,m_miss,-0.737160659785071
162,2,e_miss,-0.8582438870310504
162,2,both_miss,-0.8650783263201587
163,0,correct,0.7580650467769167
163,0,m_miss,0.9465616879145251
163,0,e_miss,0.8062801592712702
163,0,both_miss,0.9958511228905444
163,1,correct,-0.782250502918303
163,1,m_miss,-0.9233635915756339
163,1,e_miss,-0.8846904051103563
163,1,both_miss,-1.080542483282967
163,2,correct,0.027328206972685332
163,2,m_miss,-0.050576750017514
163,2,e_miss,0.05689141097344221
163,2,both_miss,0.051776358722105946
164,0,correct,0.22328114672166385
164,0,m_miss,0.34099673246851847
164,0,e_miss,0.23105879130053295
164,0,both_miss,0.35312152802855934
164,1,correct,0.29888189613603033
164,1,m_miss,0.2562753526673191
164,1,e_miss,0.3526024753210038
164,1,both_miss,0.3169784049399737
164,2,correct,0.5301713658271077
164,2,m_miss,0.42764872263101467
164,2,e_miss,0.4645645664838354
164,2,both_miss,0.3564707762394884
165,0,correct,-0.6382405202637104
165,0,m_miss,-0.7322147185139886
165,0,e_miss,-0.5430356135546789
165,0,both_miss,-0.6691561391507495
165,1,correct,0.29439554146784697
165,1,m_miss,0.17782689196147014
165,1,e_miss,0.2952405962002709
165,1,both_miss,0.23964143943305313
165,2,correct,-0.6187904604753468
165,2,m_miss,-0.4152999899432322
165,2,e_miss,-0.7275043129791763
165,2,both_miss,-0.5469306028490991
166,0,correct,-0.44821982309048636
166,0,m_miss,-0.5408146965189496
166,0,e_miss,-0.6053383044539278
166,0,both_miss,-0.5521237179947686
166,1,correct,0.687524291346483
166,1,m_miss,0.7460295999962013
166,1,e_miss,0.7283101499810948
166,1,both_miss,0.6880777334869096
166,2,correct,0.5200555821719185
166,2,m_miss,0.5095176437865876
166,2,e_miss,0.5583345145567288
166,2,both_miss,0.5590456678345687
167,0,correct,-0.8909085552342079
167,0,m_miss,-0.8688195242030413
167,0,e_miss,-0.8813441287053964
167,0,both_miss,-0.895192054913495
167,1,correct,-0.027301810632755965
167,1,m_miss,-0.023111728563666726
167,1,e_miss,-0.07604002470631059
167,1,both_miss,-0.034254890874814
167,2,correct,0.06314294228851029
167,2,m_miss,0.03184057243037274
167,2,e_miss,0.08332783083118349
167,2,both_miss,0.08470000251054455
168,0,correct,-0.11112306570483799
168,0,m_miss,-0.1755780685486575
168,0,e_miss,-0.06549334775565029
168,0,both_miss,-0.1424719012620659
168,1,correct,-0.5575620463024213
168,1,m_miss,-0.4053873019082875
168,1,e_miss,-0.46802956616995145
168,1,both_miss,-0.3291368110330386
168,2,correct,-0.26746326874414583
168,2,m_miss,-0.3146109933117266
168,2,e_miss,-0.4344853646462178
168,2,both_miss,-0.49558554306547703
169,0,correct,-0.51672175081197
169,0,m_miss,-0.36949820416241136
169,0,e_miss,-0.613160587051533
169,0,both_miss,-0.43463970596293183
169,1,correct,0.6135892422740915
169,1,m_miss,0.46585654748548
169,1,e_miss,0.6894511315801345
169,1,both_miss,0.5412220427745006
169,2,correct,-0.8982844021684068
169,2,m_miss,-0.877987202201631
169,2,e_miss,-0.9242179009340932
169,2,both_miss,-0.9130349648618893
170,0,correct,0.8284770446470716
170,0,m_miss,0.8567579665386025
170,0,e_miss,0.8354547200141821
170,0,both_miss,0.8707969587034496
170,1,correct,0.1557960126030177
170,1,m_miss,0.1784976707438925
170,1,e_miss,-0.008782248636210894
170,1,both_miss,0.028813864063560218
170,2,correct,-0.6330249027675318
170,2,m_miss,-0.7036054562988805
170,2,e_miss,-0.4880047841293503
170,2,both_miss,-0.5729427701689811
171,0,correct,-0.8834719893556108
171,0,m_miss,-0.8345939820478174
171,0,e_miss,-0.9195799781728795
171,0,both_miss,-0.8303986572862431
171,1,correct,0.6854955162218821
171,1,m_miss,0.634160662918066
171,1,e_miss,0.6358063208465801
171,1,both_miss,0.6095685955541735
171,2,correct,-0.9073509427746957
171,2,m_miss,-0.8875804180190366
171,2,e_miss,-0.7803827987873815
171,2,both_miss,-0.8593984342082066
172,0,correct,-0.8651812411332522
172,0,m_miss,-0.9496084926842951
172,0,e_miss,-0.9682908892568232
172,0,both_miss,-1.0543431187876517
172,1,correct,0.04665053090128087
172,1,m_miss,0.025113322166312235
172,1,e_miss,0.03368766044420248
172,1,both_miss,0.06925614954061655
172,2,correct,0.8458511883358744
172,2,m_miss,0.9532339196280022
172,2,e_miss,0.9571820129252732
172,2,both_miss,0.9991893401909071
173,0,correct,0.996981505767306
173,0,m_miss,1.0461712383151942
173,0,e_miss,0.9997501861494299
173,0,both_miss,1.0637447192621194
173,1,correct,0.23610234311466857
173,1,m_miss,0.23389574139840513
173,1,e_miss,0.19707115842436432
173,1,both_miss,0.15997094373085702
173,2,correct,0.781056056241195
173,2,m_miss,0.7259239072850531
173,2,e_miss,0.8173952220037435
173,2,both_miss,0.8315370494997487
174,0,correct,0.8675077165335379
174,0,m_miss,0.9155956193288327
174,0,e_miss,0.7840449360927612
174,0,both_miss,0.859616888064633
174,1,correct,0.8974350763470761
174,1,m_miss,0.8909309859891437
174,1,e_miss,0.9331046635247431
174,1,both_miss,0.9172763673004164
174,2,correct,0.7007717055456845
174,2,m_miss,0.662416591583528
174,2,e_miss,0.7533452371639676
174,2,both_miss,0.7086167284386395
175,0,correct,0.5534885213930888
175,0,m_miss,0.582870646693007
175,0,e_miss,0.5368504589799941
175,0,both_miss,0.5006120427748401
175,1,correct,-0.985370040942656
175,1,m_miss,-1.0189686718900794
175,1,e_miss,-0.8936615820091988
175,1,both_miss,-0.941945166493704
175,2,correct,-0.10645397552815086
175,2,m_miss,-0.12036264712951286
175,2,e_miss,-0.17328418000398468
175,2,both_miss,-0.07516547208384357
176,0,correct,0.8399738843921897
176,0,m_miss,0.781490146823022
176,0,e_miss,0.9921249542523316
176,0,both_miss,0.9290949649175104
176,1,correct,-0.4375361000169668
176,1,m_miss,-0.4143788656265462
176,1,e_miss,-0.4463630841307041
176,1,both_miss,-0.47807702919589634
176,2,correct,-0.23018426709497147
176,2,m_miss,-0.19047470778946426
176,2,e_miss,-0.4196690769310024
176,2,both_miss,-0.2956088994753786
177,0,correct,0.42480860172578266
177,0,m_miss,0.41615603180062044
177,0,e_miss,0.4152962413524612
177,0,both_miss,0.3996146796460224
177,1,correct,0.274569436959987
177,1,m_miss,0.1772512569965218
177,1,e_miss,0.2848365120173777
177,1,both_miss,0.18652161435137563
177,2,correct,0.8099064286515756
177,2,m_miss,0.9447745409701248
177,2,e_miss,0.8079822828769722
177,2,both_miss,0.9524785437673738
178,0,correct,-0.2003713159532353
178,0,m_miss,-0.34239642129271064
178,0,e_miss,-0.17926670682700985
178,0,both_miss,-0.2800051866027153
178,1,correct,0.8713051935897139
178,1,m_miss,0.8675726585327823
178,1,e_miss,0.8709918087999357
178,1,both_miss,0.9476120893026065
178,2,correct,0.8938332186438587
178,2,m_miss,1.0267140955627378
178,2,e_miss,0.8725241400422599
178,2,both_miss,0.9261118258284078
179,0,correct,0.05201575784441794
179,0,m_miss,-0.028301839049658134
179,0,e_miss,0.05210117207031333
179,0,both_miss,-0.04345662995357735
179,1,correct,-0.9108203589342995
179,1,m_miss,-0.9734489942785833
179,1,e_miss,-0.8756203858815919
179,1,both_miss,-0.8908785641238993
179,2,correct,0.3293958287006634
179,2,m_miss,0.44204836217417287
179,2,e_miss,0.30391679017425294
179,2,both_miss,0.411825236772502
180,0,correct,-0.48906381753202666
180,0,m_miss,-0.5267895382730676
180,0,e_miss,-0.48418370704660696
180,0,both_miss,-0.5857717663172871
180,1,correct,-0.13585515796847225
180,1,m_miss,-0.14861170466003826
180,1,e_miss,-0.057443727322815635
180,1,both_miss,-0.18388123589073432
180,2,correct,0.5859420828329046
180,2,m_miss,0.6333984507013996
180,2,e_miss,0.5400527244288101
180,2,both_miss,0.7091635852626237
181,0,correct,-0.3274992304223205
181,0,m_miss,-0.2449405106664389
181,0,e_miss,-0.548532701801737
181,0,both_miss,-0.4470314768183951
181,1,correct,0.25972649518868
181,1,m_miss,0.2669508973827622
181,1,e_miss,0.30196459679507553
181,1,both_miss,0.34135808010880314
181,2,correct,-0.8574979368083825
181,2,m_miss,-0.9483300167925361
181,2,e_miss,-0.6919972807498735
181,2,both_miss,-0.7745377351722762
182,0,correct,0.05842587631920705
182,0,m_miss,-0.07927178465587556
182,0,e_miss,0.06908103090295592
182,0,both_miss,-0.0834739853613395
182,1,correct,0.2715482611503549
182,1,m_miss,0.3178459113778925
182,1,e_miss,0.3174150417965985
182,1,both_miss,0.3583164030739967
182,2,correct,0.7014338457259426
182,2,m_miss,0.8992008744468905
182,2,e_miss,0.6577263445220596
182,2,both_miss,0.8787925863387145
183,0,correct,0.1316163171855542
183,0,m_miss,0.09005857341135158
183,0,e_miss,0.1632750670760398
183,0,both_miss,0.10309305469953156
183,1,correct,0.13506200057157308
183,1,m_miss,0.05702511249369445
183,1,e_miss,0.12224880161990334
183,1,both_miss,0.06845727363662833
183,2,correct,-0.11863850144855663
183,2,m_miss,-0.021615881956912584
183,2,e_miss,-0.1276451006094343
183,2,both_miss,-0.04509051032203636
184,0,correct,-0.10348613138461334
184,0,m_miss,-0.15153229861501658
184,0,e_miss,-0.2665538126442378
184,0,both_miss,-0.2266151739471427
184,1,correct,1.0105649719360004
184,1,m_miss,1.0135527312145831
184,1,e_miss,1.232049111652972
184,1,both_miss,1.1957091204865566
184,2,correct,0.26308780218985445
184,2,m_miss,0.2696104908735143
184,2,e_miss,0.13564490754158934
184,2,both_miss,0.18341194059055632
185,0,correct,-0.3639899854165061
185,0,m_miss,-0.252613166449953
185,0,e_miss,-0.47558424119525267
185,0,both_miss,-0.32965158678050915
185,1,correct,0.5524113173315918
185,1,m_miss,0.5180088720469547
185,1,e_miss,0.6748111252567826
185,1,both_miss,0.5463098634532464
185,2,correct,0.8815011851186256
185,2,m_miss,0.8058447658872395
185,2,e_miss,0.8527405552694914
185,2,both_miss,0.8617864320961821
186,0,correct,0.6100708301400425
186,0,m_miss,0.7336341103373443
186,0,e_miss,0.530661391572891
186,0,both_miss,0.7044146078959784
186,1,correct,-0.8552887722533413
186,1,m_miss,-0.9603796833024524
186,1,e_miss,-0.8491855910120744
186,1,both_miss,-1.0082771629556677
186,2,correct,0.7353079709685192
186,2,m_miss,0.7127969514388824
186,2,e_miss,0.8179705541627665
186,2,both_miss,0.8130025132789708
187,0,correct,-0.0001268002404822818
187,0,m_miss,0.04511972748970331
187,0,e_miss,-0.1991122246900319
187,0,both_miss,-0.07675696964672739
187,1,correct,0.7793421312638478
187,1,m_miss,0.7351639295696782
187,1,e_miss,0.8657825265589454
187,1,both_miss,0.7071470439409815
187,2,correct,-0.6310412806911205
187,2,m_miss,-0.6249746741419941
187,2,e_miss,-0.5378742256219505
187,2,both_miss,-0.4579089168823444
188,0,correct,-0.7940858424544831
188,0,m_miss,-0.7414409181216065
188,0,e_miss,-0.8500321199385189
188,0,both_miss,-0.7112324905127343
188,1,correct,-0.7595682229043212
188,1,m_miss,-0.8000805223575393
188,1,e_miss,-0.8949533723155838
188,1,both_miss,-0.8460924153378973
188,2,correct,-0.8326452093940231
188,2,m_miss,-0.8424767401167275
188,2,e_miss,-0.6152158741897005
188,2,both_miss,-0.8311684020911725
189,0,correct,0.7110989626340773
189,0,m_miss,0.7245933995097031
189,0,e_miss,0.7258986328030274
189,0,both_miss,0.6795580778628214
189,1,correct,0.3244848062785585
189,1,m_miss,0.4386042367838106
189,1,e_miss,0.23009175357328818
189,1,both_miss,0.4354818504886382
189,2,correct,-0.8173679187576818
189,2,m_miss,-0.9088580620813242
189,2,e_miss,-0.7689754497076599
189,2,both_miss,-0.8811597177047151
190,0,correct,-0.10375469921724426
190,0,m_miss,-0.11050637945686022
190,0,e_miss,-0.10328282057247137
190,0,both_miss,-0.08494588049729565
190,1,correct,0.8733432746235125
190,1,m_miss,0.9027063064710241
190,1,e_miss,0.7419802074622591
190,1,both_miss,0.8745179997258252
190,2,correct,0.8502672543258853
190,2,m_miss,0.8363119754754298
190,2,e_miss,0.9489858655649479
190,2,both_miss,0.8286020530635515
191,0,correct,-0.8987577440606942
191,0,m_miss,-0.706227249673296
191,0,e_miss,-0.9918293415366928
191,0,both_miss,-0.6524795648906339
191,1,correct,0.8401784419286303
191,1,m_miss,0.7938925308733635
191,1,e_miss,0.9004283473985486
191,1,both_miss,0.6689342666794392
191,2,correct,-0.12603059288022128
191,2,m_miss,-0.36320744768654617
191,2,e_miss,-0.03635545037918272
191,2,both_miss,-0.3520811957649768
192,0,correct,-0.39235011366243505
192,0,m_miss,-0.3818296403082889
192,0,e_miss,-0.3612874251179175
192,0,both_miss,-0.32450825376965825
192,1,correct,0.05910133658866482
192,1,m_miss,-0.2046709704044177
192,1,e_miss,0.12067361225632033
192,1,both_miss,-0.23367336321904877
192,2,correct,-0.7134936294529854
192,2,m_miss,-0.4729671868941089
192,2,e_miss,-0.7789473633337196
192,2,both_miss,-0.5406087654891655
193,0,correct,0.7419509029571414
193,0,m_miss,0.7696599036058891
193,0,e_miss,0.7158113115393898
193,0,both_miss,0.6458629697760361
193,1,correct,-0.3682226619748746
193,1,m_miss,-0.23770218391931527
193,1,e_miss,-0.21957508327142883
193,1,both_miss,-0.12070462762982714
193,2,correct,0.8911807132367139
193,2,m_miss,0.6993311474921808
193,2,e_miss,0.7517517739360434
193,2,both_miss,0.7483080960027962
194,0,correct,0.7739923621255332
194,0,m_miss,0.7702975237799691
194,0,e_miss,0.764844321002908
194,0,both_miss,0.781577636781984
194,1,correct,-0.2505197111733624
194,1,m_miss,-0.2973031577209397
194,1,e_miss,-0.22378897500207806
194,1,both_miss,-0.2547080179972907
194,2,correct,-0.48630086032748066
194,2,m_miss,-0.42251210586052773
194,2,e_miss,-0.48110041846047935
194,2,both_miss,-0.4812025441517185
195,0,correct,0.11050060905631924
195,0,m_miss,0.146999034624709
195,0,e_miss,0.10428833569869896
195,0,both_miss,0.1225970011473383
195,1,correct,-0.4341350363595298
195,1,m_miss,-0.36953769135552733
195,1,e_miss,-0.43299126452203646
195,1,both_miss,-0.3091397508551353
195,2,correct,0.48663781626314395
195,2,m_miss,0.35298152954264356
195,2,e_miss,0.4956640069017846
195,2,both_miss,0.35524018423529324
196,0,correct,0.26874525103291735
196,0,m_miss,0.24056150519146077
196,0,e_miss,0.32550014680405126
196,0,both_miss,0.2600876697908835
196,1,correct,0.8574061600612463
196,1,m_miss,0.8968632341071904
196,1,e_miss,0.7696312703157144
196,1,both_miss,0.8730110976194775
196,2,correct,-0.7255401214482394
196,2,m_miss,-0.733824991349073
196,2,e_miss,-0.6508500680051025
196,2,both_miss,-0.7394445429008275
197,0,correct,0.33116221511284394
197,0,m_miss,0.3340430570767521
197,0,e_miss,0.3367264480835988
197,0,both_miss,0.34296524941138934
197,1,correct,0.8543484337750727
197,1,m_miss,0.8572280340714477
197,1,e_miss,0.8393899498642375
197,1,both_miss,0.855777969364672
197,2,correct,-0.05722204979143691
197,2,m_miss,-0.062300802143334805
197,2,e_miss,-0.05861498101727544
197,2,both_miss,-0.06667662173168556
198,0,correct,-0.8343639142879588
198,0,m_miss,-0.8820318615951794
198,0,e_miss,-0.7573298060541828
198,0,both_miss,-0.8748951591457964
198,1,correct,-0.760892874553464
198,1,m_miss,-0.8069764920191439
198,1,e_miss,-0.8369299109056828
198,1,both_miss,-0.7963076466212252
198,2,correct,-0.769239245689674
198,2,m_miss,-0.6027558497770401
198,2,e_miss,-0.7656585850759805
198,2,both_miss,-0.6274624252901403
199,0,correct,0.09505803164616235
199,0,m_miss,0.11256331015784506
199,0,e_miss,0.028728301732398858
199,0,both_miss,0.1663997824336223
199,1,correct,0.19655615518751313
199,1,m_miss,0.09144144936986506
199,1,e_miss,0.09948914088585885
199,1,both_miss,0.016956333175244566
199,2,correct,0.09612205191868214
199,2,m_miss,0.23454287012055652
199,2,e_miss,0.3178753011650696
199,2,both_miss,0.29180946886735715
